"188","self","0","64","0",NULL,"0","0","0","0","86400","0",NULL,NULL,NULL,"5","0","0","0","1","0","1",NULL,NULL,NULL,NULL,NULL,NULL,NULL,NULL,NULL,NULL,NULL,"1518342141","1518342141"
"189","manual","0","64","1",NULL,"0","0","0","0","86400","0",NULL,NULL,NULL,"5",NULL,NULL,NULL,NULL,NULL,NULL,NULL,NULL,NULL,NULL,NULL,NULL,NULL,NULL,NULL,NULL,NULL,"1518342141","1518342141"
"190","guest","1","64","2",NULL,"0","0","0","0","0","0",,NULL,NULL,"0",NULL,NULL,NULL,NULL,NULL,NULL,NULL,NULL,NULL,NULL,NULL,NULL,NULL,NULL,NULL,NULL,NULL,"1518342141","1518342141"
"191","self","0","65","0",NULL,"0","0","0","0","86400","0",NULL,NULL,NULL,"5","0","0","0","1","0","1",NULL,NULL,NULL,NULL,NULL,NULL,NULL,NULL,NULL,NULL,NULL,"1518347444","1518347444"
"192","manual","0","65","1",NULL,"0","0","0","0","86400","0",NULL,NULL,NULL,"5",NULL,NULL,NULL,NULL,NULL,NULL,NULL,NULL,NULL,NULL,NULL,NULL,NULL,NULL,NULL,NULL,NULL,"1518347444","1518347444"
"193","guest","1","65","2",NULL,"0","0","0","0","0","0",,NULL,NULL,"0",NULL,NULL,NULL,NULL,NULL,NULL,NULL,NULL,NULL,NULL,NULL,NULL,NULL,NULL,NULL,NULL,NULL,"1518347444","1518347444"
"209","self","0","71","0","Chiave Iscrizione ","0","0","0","0","0","0","ciao123",NULL,NULL,"5","0","0","0","1","0","1",NULL,NULL,NULL,NULL,NULL,NULL,NULL,,NULL,NULL,NULL,"1525962801","1526145795"
"210","manual","0","71","1",NULL,"0","0","0","0","86400","0",NULL,NULL,NULL,"5",NULL,NULL,NULL,NULL,NULL,NULL,NULL,NULL,NULL,NULL,NULL,NULL,NULL,NULL,NULL,NULL,NULL,"1525962801","1525962801"
"211","guest","1","71","2",NULL,"0","0","0","0","0","0",,NULL,NULL,"0",NULL,NULL,NULL,NULL,NULL,NULL,NULL,NULL,NULL,NULL,NULL,NULL,NULL,NULL,NULL,NULL,NULL,"1525962801","1525962801"
"212","self","0","72","0",NULL,"0","0","0","0","86400","0",NULL,NULL,NULL,"5","0","0","0","1","0","1",NULL,NULL,NULL,NULL,NULL,NULL,NULL,NULL,NULL,NULL,NULL,"1525963746","1525963746"
"213","manual","0","72","1",NULL,"0","0","0","0","86400","0",NULL,NULL,NULL,"5",NULL,NULL,NULL,NULL,NULL,NULL,NULL,NULL,NULL,NULL,NULL,NULL,NULL,NULL,NULL,NULL,NULL,"1525963746","1525963746"
"214","guest","1","72","2",NULL,"0","0","0","0","0","0",,NULL,NULL,"0",NULL,NULL,NULL,NULL,NULL,NULL,NULL,NULL,NULL,NULL,NULL,NULL,NULL,NULL,NULL,NULL,NULL,"1525963746","1525963746"
"215","self","0","74","0","giuliapaola.spreafico","0","0","0","0","0","0","DirittoDigitale",NULL,NULL,"5","0","0","0","1","0","1",NULL,NULL,NULL,NULL,NULL,NULL,NULL,,NULL,NULL,NULL,"1526568908","1526570002"
"216","manual","0","74","1",NULL,"0","0","0","0","86400","0",NULL,NULL,NULL,"5",NULL,NULL,NULL,NULL,NULL,NULL,NULL,NULL,NULL,NULL,NULL,NULL,NULL,NULL,NULL,NULL,NULL,"1526568908","1526568908"
"217","guest","1","74","2",NULL,"0","0","0","0","0","0",,NULL,NULL,"0",NULL,NULL,NULL,NULL,NULL,NULL,NULL,NULL,NULL,NULL,NULL,NULL,NULL,NULL,NULL,NULL,NULL,"1526568909","1526568909"
"218","self","1","75","1",,"0","0","0","0","0","0",,NULL,NULL,"5","0","0","0","1","0","1",NULL,NULL,NULL,NULL,NULL,NULL,NULL,,NULL,NULL,NULL,"1531991621","1532012701"
"219","manual","1","75","2",NULL,"0","0","0","0","86400","0",NULL,NULL,NULL,"5",NULL,NULL,NULL,NULL,NULL,NULL,NULL,NULL,NULL,NULL,NULL,NULL,NULL,NULL,NULL,NULL,NULL,"1531991621","1531991621"
"220","guest","0","75","0",NULL,"0","0","0","0","0","0",,NULL,NULL,"0",NULL,NULL,NULL,NULL,NULL,NULL,NULL,NULL,NULL,NULL,NULL,NULL,NULL,NULL,NULL,NULL,NULL,"1531991621","1532012656"
"221","self","0","76","0",NULL,"0","0","0","0","86400","0",NULL,NULL,NULL,"5","0","0","0","1","0","1",NULL,NULL,NULL,NULL,NULL,NULL,NULL,NULL,NULL,NULL,NULL,"1536161952","1536161952"
"222","manual","0","76","1",NULL,"0","0","0","0","86400","0",NULL,NULL,NULL,"5",NULL,NULL,NULL,NULL,NULL,NULL,NULL,NULL,NULL,NULL,NULL,NULL,NULL,NULL,NULL,NULL,NULL,"1536161952","1536161952"
"223","guest","1","76","2",NULL,"0","0","0","0","0","0",,NULL,NULL,"0",NULL,NULL,NULL,NULL,NULL,NULL,NULL,NULL,NULL,NULL,NULL,NULL,NULL,NULL,NULL,NULL,NULL,"1536161952","1536161952"
"311","self","0","106","0",NULL,"0","0","0","0","86400","0",NULL,NULL,NULL,"5","0","0","0","1","0","1",NULL,NULL,NULL,NULL,NULL,NULL,NULL,NULL,NULL,NULL,NULL,"1559568427","1559568427"
"312","manual","0","106","1",NULL,"0","0","0","0","86400","0",NULL,NULL,NULL,"5",NULL,NULL,NULL,NULL,NULL,NULL,NULL,NULL,NULL,NULL,NULL,NULL,NULL,NULL,NULL,NULL,NULL,"1559568427","1559568427"
"313","guest","1","106","2",NULL,"0","0","0","0","0","0",,NULL,NULL,"0",NULL,NULL,NULL,NULL,NULL,NULL,NULL,NULL,NULL,NULL,NULL,NULL,NULL,NULL,NULL,NULL,NULL,"1559568427","1559568427"
"389","self","0","132","0",NULL,"0","0","0","0","86400","0",NULL,NULL,NULL,"5","0","0","0","1","0","1",NULL,NULL,NULL,NULL,NULL,NULL,NULL,NULL,NULL,NULL,NULL,"1559654175","1559654175"
"390","manual","0","132","1",NULL,"0","0","0","0","86400","0",NULL,NULL,NULL,"5",NULL,NULL,NULL,NULL,NULL,NULL,NULL,NULL,NULL,NULL,NULL,NULL,NULL,NULL,NULL,NULL,NULL,"1559654175","1559654175"
"391","guest","1","132","2",NULL,"0","0","0","0","0","0",,NULL,NULL,"0",NULL,NULL,NULL,NULL,NULL,NULL,NULL,NULL,NULL,NULL,NULL,NULL,NULL,NULL,NULL,NULL,NULL,"1559654175","1559654175"
"392","self","0","133","0",NULL,"0","0","0","0","86400","0",NULL,NULL,NULL,"5","0","0","0","1","0","1",NULL,NULL,NULL,NULL,NULL,NULL,NULL,NULL,NULL,NULL,NULL,"1560158800","1560158800"
"393","manual","0","133","1",NULL,"0","0","0","0","86400","0",NULL,NULL,NULL,"5",NULL,NULL,NULL,NULL,NULL,NULL,NULL,NULL,NULL,NULL,NULL,NULL,NULL,NULL,NULL,NULL,NULL,"1560158800","1560158800"
"394","guest","1","133","2",NULL,"0","0","0","0","0","0",,NULL,NULL,"0",NULL,NULL,NULL,NULL,NULL,NULL,NULL,NULL,NULL,NULL,NULL,NULL,NULL,NULL,NULL,NULL,NULL,"1560158800","1560158800"
"398","manual","0","170","0",NULL,"0","0","0","0","0","0",NULL,NULL,NULL,"5",NULL,NULL,NULL,NULL,NULL,NULL,NULL,NULL,NULL,NULL,NULL,NULL,NULL,NULL,NULL,NULL,NULL,"1429634973","1429634973"
"399","manual","0","173","0",NULL,"0","0","0","0","0","0",NULL,NULL,NULL,"5",NULL,NULL,NULL,NULL,NULL,NULL,NULL,NULL,NULL,NULL,NULL,NULL,NULL,NULL,NULL,NULL,NULL,"1422278201","1422278201"
"400","manual","0","174","0",NULL,"0","0","0","0","0","0",NULL,NULL,NULL,"5",NULL,NULL,NULL,NULL,NULL,NULL,NULL,NULL,NULL,NULL,NULL,NULL,NULL,NULL,NULL,NULL,NULL,"1429638755","1429638755"
"401","manual","0","179","0",NULL,"0","0","0","0","0","0",NULL,NULL,NULL,"5",NULL,NULL,NULL,NULL,NULL,NULL,NULL,NULL,NULL,NULL,NULL,NULL,NULL,NULL,NULL,NULL,NULL,"1422274960","1422274960"
"402","manual","0","185","0",NULL,"0","0","0","0","0","0",NULL,NULL,NULL,"5",NULL,NULL,NULL,NULL,NULL,NULL,NULL,NULL,NULL,NULL,NULL,NULL,NULL,NULL,NULL,NULL,NULL,"1429634978","1429634978"
"403","manual","0","187","0",NULL,"0","0","0","0","0","0",NULL,NULL,NULL,"5",NULL,NULL,NULL,NULL,NULL,NULL,NULL,NULL,NULL,NULL,NULL,NULL,NULL,NULL,NULL,NULL,NULL,"1429642870","1429642870"
"404","manual","0","188","0",NULL,"0","0","0","0","0","0",NULL,NULL,NULL,"5",NULL,NULL,NULL,NULL,NULL,NULL,NULL,NULL,NULL,NULL,NULL,NULL,NULL,NULL,NULL,NULL,NULL,"1429816734","1429816734"
"405","manual","0","189","0",NULL,"0","0","0","0","0","0",NULL,NULL,NULL,"5",NULL,NULL,NULL,NULL,NULL,NULL,NULL,NULL,NULL,NULL,NULL,NULL,NULL,NULL,NULL,NULL,NULL,"1430684048","1430684048"
"406","manual","0","190","0",NULL,"0","0","0","0","0","0",NULL,NULL,NULL,"5",NULL,NULL,NULL,NULL,NULL,NULL,NULL,NULL,NULL,NULL,NULL,NULL,NULL,NULL,NULL,NULL,NULL,"1422028957","1422028957"
"407","manual","0","191","0",NULL,"0","0","0","0","0","0",NULL,NULL,NULL,"5",NULL,NULL,NULL,NULL,NULL,NULL,NULL,NULL,NULL,NULL,NULL,NULL,NULL,NULL,NULL,NULL,NULL,"1429816763","1429816763"
"408","guest","0","192","0",NULL,"0","0","0","0","0","0",,NULL,NULL,"0",NULL,NULL,NULL,NULL,NULL,NULL,NULL,NULL,NULL,NULL,NULL,NULL,NULL,NULL,NULL,NULL,NULL,"1391179824","1391179824"
"409","self","1","192","1",NULL,"0","0","0","0","0","0",NULL,NULL,NULL,"5","0","0","0","1","0","1",NULL,NULL,NULL,NULL,NULL,NULL,NULL,NULL,NULL,NULL,NULL,"1391179824","1391179824"
"410","manual","0","192","2",NULL,"0","0","0","0","0","0",NULL,NULL,NULL,"5",NULL,NULL,NULL,NULL,NULL,NULL,NULL,NULL,NULL,NULL,NULL,NULL,NULL,NULL,NULL,NULL,NULL,"1391179824","1391179824"
"411","guest","0","194","0",NULL,"0","0","0","0","0","0",,NULL,NULL,"0",NULL,NULL,NULL,NULL,NULL,NULL,NULL,NULL,NULL,NULL,NULL,NULL,NULL,NULL,NULL,NULL,NULL,"1391180012","1391180012"
"412","self","1","194","1",NULL,"0","0","0","0","0","0",NULL,NULL,NULL,"5","0","0","0","1","0","1",NULL,NULL,NULL,NULL,NULL,NULL,NULL,NULL,NULL,NULL,NULL,"1391180012","1391180012"
"413","manual","0","194","2",NULL,"0","0","0","0","0","0",NULL,NULL,NULL,"5",NULL,NULL,NULL,NULL,NULL,NULL,NULL,NULL,NULL,NULL,NULL,NULL,NULL,NULL,NULL,NULL,NULL,"1391180012","1391180012"
"414","guest","0","196","0",NULL,"0","0","0","0","0","0",,NULL,NULL,"0",NULL,NULL,NULL,NULL,NULL,NULL,NULL,NULL,NULL,NULL,NULL,NULL,NULL,NULL,NULL,NULL,NULL,"1393322814","1393322814"
"415","self","1","196","1",NULL,"0","0","0","0","0","0",NULL,NULL,NULL,"5","0","0","0","1","0","1",NULL,NULL,NULL,NULL,NULL,NULL,NULL,NULL,NULL,NULL,NULL,"1393322814","1393322814"
"416","manual","0","196","2",NULL,"0","0","0","0","0","0",NULL,NULL,NULL,"5",NULL,NULL,NULL,NULL,NULL,NULL,NULL,NULL,NULL,NULL,NULL,NULL,NULL,NULL,NULL,NULL,NULL,"1393322814","1393322814"
"417","guest","0","197","0",NULL,"0","0","0","0","0","0",,NULL,NULL,"0",NULL,NULL,NULL,NULL,NULL,NULL,NULL,NULL,NULL,NULL,NULL,NULL,NULL,NULL,NULL,NULL,NULL,"1393411998","1393411998"
"418","self","1","197","1",NULL,"0","0","0","0","0","0",NULL,NULL,NULL,"5","0","0","0","1","0","1",NULL,NULL,NULL,NULL,NULL,NULL,NULL,NULL,NULL,NULL,NULL,"1393411998","1393411998"
"419","manual","0","197","2",NULL,"0","0","0","0","0","0",NULL,NULL,NULL,"5",NULL,NULL,NULL,NULL,NULL,NULL,NULL,NULL,NULL,NULL,NULL,NULL,NULL,NULL,NULL,NULL,NULL,"1393411998","1393411998"
"420","guest","0","199","0",NULL,"0","0","0","0","0","0",,NULL,NULL,"0",NULL,NULL,NULL,NULL,NULL,NULL,NULL,NULL,NULL,NULL,NULL,NULL,NULL,NULL,NULL,NULL,NULL,"1394026792","1394026792"
"421","self","1","199","1",NULL,"0","0","0","0","0","0",NULL,NULL,NULL,"5","0","0","0","1","0","1",NULL,NULL,NULL,NULL,NULL,NULL,NULL,NULL,NULL,NULL,NULL,"1394026792","1394026792"
"422","manual","0","199","2",NULL,"0","0","0","0","0","0",NULL,NULL,NULL,"5",NULL,NULL,NULL,NULL,NULL,NULL,NULL,NULL,NULL,NULL,NULL,NULL,NULL,NULL,NULL,NULL,NULL,"1394026792","1394026792"
"423","guest","0","200","0",NULL,"0","0","0","0","0","0",,NULL,NULL,"0",NULL,NULL,NULL,NULL,NULL,NULL,NULL,NULL,NULL,NULL,NULL,NULL,NULL,NULL,NULL,NULL,NULL,"1394198507","1394198507"
"424","self","1","200","1",NULL,"0","0","0","0","0","0",NULL,NULL,NULL,"5","0","0","0","1","0","1",NULL,NULL,NULL,NULL,NULL,NULL,NULL,NULL,NULL,NULL,NULL,"1394198507","1394198507"
"425","manual","0","200","2",NULL,"0","0","0","0","0","0",NULL,NULL,NULL,"5",NULL,NULL,NULL,NULL,NULL,NULL,NULL,NULL,NULL,NULL,NULL,NULL,NULL,NULL,NULL,NULL,NULL,"1394198507","1394198507"
"426","guest","0","201","0",NULL,"0","0","0","0","0","0",,NULL,NULL,"0",NULL,NULL,NULL,NULL,NULL,NULL,NULL,NULL,NULL,NULL,NULL,NULL,NULL,NULL,NULL,NULL,NULL,"1394199464","1394199464"
"427","self","1","201","1",NULL,"0","0","0","0","0","0",NULL,NULL,NULL,"5","0","0","0","1","0","1",NULL,NULL,NULL,NULL,NULL,NULL,NULL,NULL,NULL,NULL,NULL,"1394199465","1394199465"
"428","manual","0","201","2",NULL,"0","0","0","0","0","0",NULL,NULL,NULL,"5",NULL,NULL,NULL,NULL,NULL,NULL,NULL,NULL,NULL,NULL,NULL,NULL,NULL,NULL,NULL,NULL,NULL,"1394199465","1394199465"
"429","guest","0","202","0",NULL,"0","0","0","0","0","0",,NULL,NULL,"0",NULL,NULL,NULL,NULL,NULL,NULL,NULL,NULL,NULL,NULL,NULL,NULL,NULL,NULL,NULL,NULL,NULL,"1394369017","1394369017"
"430","self","1","202","1",NULL,"0","0","0","0","0","0",NULL,NULL,NULL,"5","0","0","0","1","0","1",NULL,NULL,NULL,NULL,NULL,NULL,NULL,NULL,NULL,NULL,NULL,"1394369017","1394369017"
"431","manual","0","202","2",NULL,"0","0","0","0","0","0",NULL,NULL,NULL,"5",NULL,NULL,NULL,NULL,NULL,NULL,NULL,NULL,NULL,NULL,NULL,NULL,NULL,NULL,NULL,NULL,NULL,"1394369017","1394369017"
"432","manual","0","210","0",NULL,"0","0","0","0","0","0",NULL,NULL,NULL,"5",NULL,NULL,NULL,NULL,NULL,NULL,NULL,NULL,NULL,NULL,NULL,NULL,NULL,NULL,NULL,NULL,NULL,"1422278186","1422278186"
"433","guest","0","215","0",NULL,"0","0","0","0","0","0",,NULL,NULL,"0",NULL,NULL,NULL,NULL,NULL,NULL,NULL,NULL,NULL,NULL,NULL,NULL,NULL,NULL,NULL,NULL,NULL,"1401560038","1401560038"
"434","self","1","215","1",NULL,"0","0","0","0","0","0",NULL,NULL,NULL,"5","0","0","0","1","0","1",NULL,NULL,NULL,NULL,NULL,NULL,NULL,NULL,NULL,NULL,NULL,"1401560038","1401560038"
"435","manual","0","215","2",NULL,"0","0","0","0","0","0",NULL,NULL,NULL,"5",NULL,NULL,NULL,NULL,NULL,NULL,NULL,NULL,NULL,NULL,NULL,NULL,NULL,NULL,NULL,NULL,NULL,"1401560038","1401560038"
"436","guest","0","218","0",NULL,"0","0","0","0","0","0",,NULL,NULL,"0",NULL,NULL,NULL,NULL,NULL,NULL,NULL,NULL,NULL,NULL,NULL,NULL,NULL,NULL,NULL,NULL,NULL,"1402579450","1402579450"
"437","self","1","218","1",NULL,"0","0","0","0","0","0",NULL,NULL,NULL,"5","0","0","0","1","0","1",NULL,NULL,NULL,NULL,NULL,NULL,NULL,NULL,NULL,NULL,NULL,"1402579450","1402579450"
"438","manual","0","218","2",NULL,"0","0","0","0","0","0",NULL,NULL,NULL,"5",NULL,NULL,NULL,NULL,NULL,NULL,NULL,NULL,NULL,NULL,NULL,NULL,NULL,NULL,NULL,NULL,NULL,"1402579450","1402579450"
"439","guest","0","219","0",NULL,"0","0","0","0","0","0",,NULL,NULL,"0",NULL,NULL,NULL,NULL,NULL,NULL,NULL,NULL,NULL,NULL,NULL,NULL,NULL,NULL,NULL,NULL,NULL,"1402580458","1402580458"
"440","self","1","219","1",NULL,"0","0","0","0","0","0",NULL,NULL,NULL,"5","0","0","0","1","0","1",NULL,NULL,NULL,NULL,NULL,NULL,NULL,NULL,NULL,NULL,NULL,"1402580458","1402580458"
"441","manual","0","219","2",NULL,"0","0","0","0","0","0",NULL,NULL,NULL,"5",NULL,NULL,NULL,NULL,NULL,NULL,NULL,NULL,NULL,NULL,NULL,NULL,NULL,NULL,NULL,NULL,NULL,"1402580458","1402580458"
"442","guest","0","223","0",NULL,"0","0","0","0","0","0",,NULL,NULL,"0",NULL,NULL,NULL,NULL,NULL,NULL,NULL,NULL,NULL,NULL,NULL,NULL,NULL,NULL,NULL,NULL,NULL,"1402583624","1402583624"
"443","self","1","223","1",NULL,"0","0","0","0","0","0",NULL,NULL,NULL,"5","0","0","0","1","0","1",NULL,NULL,NULL,NULL,NULL,NULL,NULL,NULL,NULL,NULL,NULL,"1402583624","1402583624"
"444","manual","0","223","2",NULL,"0","0","0","0","0","0",NULL,NULL,NULL,"5",NULL,NULL,NULL,NULL,NULL,NULL,NULL,NULL,NULL,NULL,NULL,NULL,NULL,NULL,NULL,NULL,NULL,"1402583624","1402583624"
"445","guest","0","224","0",NULL,"0","0","0","0","0","0",,NULL,NULL,"0",NULL,NULL,NULL,NULL,NULL,NULL,NULL,NULL,NULL,NULL,NULL,NULL,NULL,NULL,NULL,NULL,NULL,"1402584578","1402584578"
"446","self","1","224","1",NULL,"0","0","0","0","0","0",NULL,NULL,NULL,"5","0","0","0","1","0","1",NULL,NULL,NULL,NULL,NULL,NULL,NULL,NULL,NULL,NULL,NULL,"1402584578","1402584578"
"447","manual","0","224","2",NULL,"0","0","0","0","0","0",NULL,NULL,NULL,"5",NULL,NULL,NULL,NULL,NULL,NULL,NULL,NULL,NULL,NULL,NULL,NULL,NULL,NULL,NULL,NULL,NULL,"1402584578","1402584578"
"448","manual","0","229","0",NULL,"0","0","0","0","0","0",NULL,NULL,NULL,"5",NULL,NULL,NULL,NULL,NULL,NULL,NULL,NULL,NULL,NULL,NULL,NULL,NULL,NULL,NULL,NULL,NULL,"1429641681","1429641681"
"449","guest","0","232","0",NULL,"0","0","0","0","0","0",,NULL,NULL,"0",NULL,NULL,NULL,NULL,NULL,NULL,NULL,NULL,NULL,NULL,NULL,NULL,NULL,NULL,NULL,NULL,NULL,"1422028878","1422028878"
"450","self","1","232","1",NULL,"0","0","0","0","0","0",NULL,NULL,NULL,"5","0","0","0","1","0","1",NULL,NULL,NULL,NULL,NULL,NULL,NULL,NULL,NULL,NULL,NULL,"1422028878","1422028878"
"451","manual","0","232","2",NULL,"0","0","0","0","0","0",NULL,NULL,NULL,"5",NULL,NULL,NULL,NULL,NULL,NULL,NULL,NULL,NULL,NULL,NULL,NULL,NULL,NULL,NULL,NULL,NULL,"1422028878","1422028878"
"452","guest","0","221","0",NULL,"0","0","0","0","0","0",,NULL,NULL,"0",NULL,NULL,NULL,NULL,NULL,NULL,NULL,NULL,NULL,NULL,NULL,NULL,NULL,NULL,NULL,NULL,NULL,"1422274944","1422274944"
"453","self","1","221","1",NULL,"0","0","0","0","0","0",NULL,NULL,NULL,"5","0","0","0","1","0","1",NULL,NULL,NULL,NULL,NULL,NULL,NULL,NULL,NULL,NULL,NULL,"1422274944","1422274944"
"454","manual","0","221","2",NULL,"0","0","0","0","0","0",NULL,NULL,NULL,"5",NULL,NULL,NULL,NULL,NULL,NULL,NULL,NULL,NULL,NULL,NULL,NULL,NULL,NULL,NULL,NULL,NULL,"1422274944","1422274944"
"461","guest","0","235","0",NULL,"0","0","0","0","0","0",,NULL,NULL,"0",NULL,NULL,NULL,NULL,NULL,NULL,NULL,NULL,NULL,NULL,NULL,NULL,NULL,NULL,NULL,NULL,NULL,"1558957038","1558957038"
"462","self","1","235","1",NULL,"0","0","0","0","0","0",NULL,NULL,NULL,"5","0","0","0","1","0","1",NULL,NULL,NULL,NULL,NULL,NULL,NULL,NULL,NULL,NULL,NULL,"1558957038","1558957038"
"463","manual","0","235","2",NULL,"0","0","0","0","0","0",NULL,NULL,NULL,"5",NULL,NULL,NULL,NULL,NULL,NULL,NULL,NULL,NULL,NULL,NULL,NULL,NULL,NULL,NULL,NULL,NULL,"1558957038","1558957038"
"464","guest","0","236","0",NULL,"0","0","0","0","0","0",,NULL,NULL,"0",NULL,NULL,NULL,NULL,NULL,NULL,NULL,NULL,NULL,NULL,NULL,NULL,NULL,NULL,NULL,NULL,NULL,"1559054397","1559054397"
"465","self","1","236","1",NULL,"0","0","0","0","0","0",NULL,NULL,NULL,"5","0","0","0","1","0","1",NULL,NULL,NULL,NULL,NULL,NULL,NULL,NULL,NULL,NULL,NULL,"1559054397","1559054397"
"466","manual","0","236","2",NULL,"0","0","0","0","0","0",NULL,NULL,NULL,"5",NULL,NULL,NULL,NULL,NULL,NULL,NULL,NULL,NULL,NULL,NULL,NULL,NULL,NULL,NULL,NULL,NULL,"1559054397","1559054397"
"467","guest","0","222","0",NULL,"0","0","0","0","0","0",,NULL,NULL,"0",NULL,NULL,NULL,NULL,NULL,NULL,NULL,NULL,NULL,NULL,NULL,NULL,NULL,NULL,NULL,NULL,NULL,"1402582270","1402582270"
"468","self","1","222","1",NULL,"0","0","0","0","0","0",NULL,NULL,NULL,"5","0","0","0","1","0","1",NULL,NULL,NULL,NULL,NULL,NULL,NULL,NULL,NULL,NULL,NULL,"1402582270","1402582270"
"469","manual","0","222","2",NULL,"0","0","0","0","0","0",NULL,NULL,NULL,"5",NULL,NULL,NULL,NULL,NULL,NULL,NULL,NULL,NULL,NULL,NULL,NULL,NULL,NULL,NULL,NULL,NULL,"1402582270","1402582270"
"470","guest","0","225","0",NULL,"0","0","0","0","0","0",,NULL,NULL,"0",NULL,NULL,NULL,NULL,NULL,NULL,NULL,NULL,NULL,NULL,NULL,NULL,NULL,NULL,NULL,NULL,NULL,"1402588018","1402588018"
"471","self","1","225","1",NULL,"0","0","0","0","0","0",NULL,NULL,NULL,"5","0","0","0","1","0","1",NULL,NULL,NULL,NULL,NULL,NULL,NULL,NULL,NULL,NULL,NULL,"1402588018","1402588018"
"472","manual","0","225","2",NULL,"0","0","0","0","0","0",NULL,NULL,NULL,"5",NULL,NULL,NULL,NULL,NULL,NULL,NULL,NULL,NULL,NULL,NULL,NULL,NULL,NULL,NULL,NULL,NULL,"1402588018","1402588018"
"473","guest","0","226","0",NULL,"0","0","0","0","0","0",,NULL,NULL,"0",NULL,NULL,NULL,NULL,NULL,NULL,NULL,NULL,NULL,NULL,NULL,NULL,NULL,NULL,NULL,NULL,NULL,"1402588920","1402588920"
"474","self","1","226","1",NULL,"0","0","0","0","0","0",NULL,NULL,NULL,"5","0","0","0","1","0","1",NULL,NULL,NULL,NULL,NULL,NULL,NULL,NULL,NULL,NULL,NULL,"1402588920","1402588920"
"475","manual","0","226","2",NULL,"0","0","0","0","0","0",NULL,NULL,NULL,"5",NULL,NULL,NULL,NULL,NULL,NULL,NULL,NULL,NULL,NULL,NULL,NULL,NULL,NULL,NULL,NULL,NULL,"1402588920","1402588920"
"476","guest","0","227","0",NULL,"0","0","0","0","0","0",,NULL,NULL,"0",NULL,NULL,NULL,NULL,NULL,NULL,NULL,NULL,NULL,NULL,NULL,NULL,NULL,NULL,NULL,NULL,NULL,"1402588018","1402588018"
"477","self","1","227","1",NULL,"0","0","0","0","0","0",NULL,NULL,NULL,"5","0","0","0","1","0","1",NULL,NULL,NULL,NULL,NULL,NULL,NULL,NULL,NULL,NULL,NULL,"1402588018","1402588018"
"478","manual","0","227","2",NULL,"0","0","0","0","0","0",NULL,NULL,NULL,"5",NULL,NULL,NULL,NULL,NULL,NULL,NULL,NULL,NULL,NULL,NULL,NULL,NULL,NULL,NULL,NULL,NULL,"1402588018","1402588018"
"479","manual","0","228","0",NULL,"0","0","0","0","0","0",NULL,NULL,NULL,"5",NULL,NULL,NULL,NULL,NULL,NULL,NULL,NULL,NULL,NULL,NULL,NULL,NULL,NULL,NULL,NULL,NULL,"1429638774","1429638774"
"480","self","0","237","0",NULL,"0","0","0","0","86400","0",NULL,NULL,NULL,"5","0","0","0","1","0","1",NULL,NULL,NULL,NULL,NULL,NULL,NULL,NULL,NULL,NULL,NULL,"1560783499","1560783499"
"481","manual","0","237","1",NULL,"0","0","0","0","86400","0",NULL,NULL,NULL,"5",NULL,NULL,NULL,NULL,NULL,NULL,NULL,NULL,NULL,NULL,NULL,NULL,NULL,NULL,NULL,NULL,NULL,"1560783499","1560783499"
"482","guest","1","237","2",NULL,"0","0","0","0","0","0",,NULL,NULL,"0",NULL,NULL,NULL,NULL,NULL,NULL,NULL,NULL,NULL,NULL,NULL,NULL,NULL,NULL,NULL,NULL,NULL,"1560783499","1560783499"
"483","self","0","238","0",NULL,"0","0","0","0","86400","0",NULL,NULL,NULL,"5","0","0","0","1","0","1",NULL,NULL,NULL,NULL,NULL,NULL,NULL,NULL,NULL,NULL,NULL,"1560784082","1560784082"
"484","manual","0","238","1",NULL,"0","0","0","0","86400","0",NULL,NULL,NULL,"5",NULL,NULL,NULL,NULL,NULL,NULL,NULL,NULL,NULL,NULL,NULL,NULL,NULL,NULL,NULL,NULL,NULL,"1560784082","1560784082"
"485","guest","1","238","2",NULL,"0","0","0","0","0","0",,NULL,NULL,"0",NULL,NULL,NULL,NULL,NULL,NULL,NULL,NULL,NULL,NULL,NULL,NULL,NULL,NULL,NULL,NULL,NULL,"1560784082","1560784082"
"486","self","0","239","0",NULL,"0","0","0","0","86400","0",NULL,NULL,NULL,"5","0","0","0","1","0","1",NULL,NULL,NULL,NULL,NULL,NULL,NULL,NULL,NULL,NULL,NULL,"1562060963","1562060963"
"487","manual","0","239","1",NULL,"0","0","0","0","86400","0",NULL,NULL,NULL,"5",NULL,NULL,NULL,NULL,NULL,NULL,NULL,NULL,NULL,NULL,NULL,NULL,NULL,NULL,NULL,NULL,NULL,"1562060963","1562060963"
"488","guest","1","239","2",NULL,"0","0","0","0","0","0",,NULL,NULL,"0",NULL,NULL,NULL,NULL,NULL,NULL,NULL,NULL,NULL,NULL,NULL,NULL,NULL,NULL,NULL,NULL,NULL,"1562060963","1562060963"
"489","self","0","240","0",NULL,"0","0","0","0","86400","0",NULL,NULL,NULL,"5","0","0","0","1","0","1",NULL,NULL,NULL,NULL,NULL,NULL,NULL,NULL,NULL,NULL,NULL,"1562063172","1562063172"
"490","manual","0","240","1",NULL,"0","0","0","0","86400","0",NULL,NULL,NULL,"5",NULL,NULL,NULL,NULL,NULL,NULL,NULL,NULL,NULL,NULL,NULL,NULL,NULL,NULL,NULL,NULL,NULL,"1562063172","1562063172"
"491","guest","1","240","2",NULL,"0","0","0","0","0","0",,NULL,NULL,"0",NULL,NULL,NULL,NULL,NULL,NULL,NULL,NULL,NULL,NULL,NULL,NULL,NULL,NULL,NULL,NULL,NULL,"1562063172","1562063172"
"501","self","0","244","0",NULL,"0","0","0","0","86400","0",NULL,NULL,NULL,"5","0","0","0","1","0","1",NULL,NULL,NULL,NULL,NULL,NULL,NULL,NULL,NULL,NULL,NULL,"1562077806","1562077806"
"502","manual","0","244","1",NULL,"0","0","0","0","86400","0",NULL,NULL,NULL,"5",NULL,NULL,NULL,NULL,NULL,NULL,NULL,NULL,NULL,NULL,NULL,NULL,NULL,NULL,NULL,NULL,NULL,"1562077806","1562077806"
"503","guest","1","244","2",NULL,"0","0","0","0","0","0",,NULL,NULL,"0",NULL,NULL,NULL,NULL,NULL,NULL,NULL,NULL,NULL,NULL,NULL,NULL,NULL,NULL,NULL,NULL,NULL,"1562077806","1562077806"
"504","self","0","245","0",NULL,"0","0","0","0","86400","0",NULL,NULL,NULL,"5","0","0","0","1","0","1",NULL,NULL,NULL,NULL,NULL,NULL,NULL,NULL,NULL,NULL,NULL,"1562085406","1562085406"
"505","manual","0","245","1",NULL,"0","0","0","0","86400","0",NULL,NULL,NULL,"5",NULL,NULL,NULL,NULL,NULL,NULL,NULL,NULL,NULL,NULL,NULL,NULL,NULL,NULL,NULL,NULL,NULL,"1562085406","1562085406"
"506","guest","1","245","2",NULL,"0","0","0","0","0","0",,NULL,NULL,"0",NULL,NULL,NULL,NULL,NULL,NULL,NULL,NULL,NULL,NULL,NULL,NULL,NULL,NULL,NULL,NULL,NULL,"1562085406","1562085406"
"507","self","0","246","0",NULL,"0","0","0","0","86400","0",NULL,NULL,NULL,"5","0","0","0","1","0","1",NULL,NULL,NULL,NULL,NULL,NULL,NULL,NULL,NULL,NULL,NULL,"1562600484","1562600484"
"508","manual","0","246","1",NULL,"0","0","0","0","86400","0",NULL,NULL,NULL,"5",NULL,NULL,NULL,NULL,NULL,NULL,NULL,NULL,NULL,NULL,NULL,NULL,NULL,NULL,NULL,NULL,NULL,"1562600484","1562600484"
"509","guest","1","246","2",NULL,"0","0","0","0","0","0",,NULL,NULL,"0",NULL,NULL,NULL,NULL,NULL,NULL,NULL,NULL,NULL,NULL,NULL,NULL,NULL,NULL,NULL,NULL,NULL,"1562600484","1562600484"
"510","self","0","247","0",NULL,"0","0","0","0","86400","0",NULL,NULL,NULL,"5","0","0","0","1","0","1",NULL,NULL,NULL,NULL,NULL,NULL,NULL,NULL,NULL,NULL,NULL,"1562600494","1562600494"
"511","manual","0","247","1",NULL,"0","0","0","0","86400","0",NULL,NULL,NULL,"5",NULL,NULL,NULL,NULL,NULL,NULL,NULL,NULL,NULL,NULL,NULL,NULL,NULL,NULL,NULL,NULL,NULL,"1562600494","1562600494"
"512","guest","1","247","2",NULL,"0","0","0","0","0","0",,NULL,NULL,"0",NULL,NULL,NULL,NULL,NULL,NULL,NULL,NULL,NULL,NULL,NULL,NULL,NULL,NULL,NULL,NULL,NULL,"1562600494","1562600494"
"513","self","0","248","0",NULL,"0","0","0","0","86400","0",NULL,NULL,NULL,"5","0","0","0","1","0","1",NULL,NULL,NULL,NULL,NULL,NULL,NULL,NULL,NULL,NULL,NULL,"1562601243","1562601243"
"514","manual","0","248","1",NULL,"0","0","0","0","86400","0",NULL,NULL,NULL,"5",NULL,NULL,NULL,NULL,NULL,NULL,NULL,NULL,NULL,NULL,NULL,NULL,NULL,NULL,NULL,NULL,NULL,"1562601243","1562601243"
"515","guest","1","248","2",NULL,"0","0","0","0","0","0",,NULL,NULL,"0",NULL,NULL,NULL,NULL,NULL,NULL,NULL,NULL,NULL,NULL,NULL,NULL,NULL,NULL,NULL,NULL,NULL,"1562601243","1562601243"
"516","self","0","249","0",NULL,"0","0","0","0","86400","0",NULL,NULL,NULL,"5","0","0","0","1","0","1",NULL,NULL,NULL,NULL,NULL,NULL,NULL,NULL,NULL,NULL,NULL,"1563870821","1563870821"
"517","manual","0","249","1",NULL,"0","0","0","0","86400","0",NULL,NULL,NULL,"5",NULL,NULL,NULL,NULL,NULL,NULL,NULL,NULL,NULL,NULL,NULL,NULL,NULL,NULL,NULL,NULL,NULL,"1563870821","1563870821"
"518","guest","1","249","2",NULL,"0","0","0","0","0","0",,NULL,NULL,"0",NULL,NULL,NULL,NULL,NULL,NULL,NULL,NULL,NULL,NULL,NULL,NULL,NULL,NULL,NULL,NULL,NULL,"1563870821","1563870821"
"519","self","0","250","0",NULL,"0","0","0","0","86400","0",NULL,NULL,NULL,"5","0","0","0","1","0","1",NULL,NULL,NULL,NULL,NULL,NULL,NULL,NULL,NULL,NULL,NULL,"1565599613","1565599613"
"520","manual","0","250","1",NULL,"0","0","0","0","86400","0",NULL,NULL,NULL,"5",NULL,NULL,NULL,NULL,NULL,NULL,NULL,NULL,NULL,NULL,NULL,NULL,NULL,NULL,NULL,NULL,NULL,"1565599613","1565599613"
"521","guest","1","250","2",NULL,"0","0","0","0","0","0",,NULL,NULL,"0",NULL,NULL,NULL,NULL,NULL,NULL,NULL,NULL,NULL,NULL,NULL,NULL,NULL,NULL,NULL,NULL,NULL,"1565599613","1565599613"
"522","self","0","251","0",NULL,"0","0","0","0","86400","0",NULL,NULL,NULL,"5","0","0","0","1","0","1",NULL,NULL,NULL,NULL,NULL,NULL,NULL,NULL,NULL,NULL,NULL,"1565599846","1565599846"
"523","manual","0","251","1",NULL,"0","0","0","0","86400","0",NULL,NULL,NULL,"5",NULL,NULL,NULL,NULL,NULL,NULL,NULL,NULL,NULL,NULL,NULL,NULL,NULL,NULL,NULL,NULL,NULL,"1565599846","1565599846"
"524","guest","1","251","2",NULL,"0","0","0","0","0","0",,NULL,NULL,"0",NULL,NULL,NULL,NULL,NULL,NULL,NULL,NULL,NULL,NULL,NULL,NULL,NULL,NULL,NULL,NULL,NULL,"1565599846","1565599846"
"525","self","0","252","0",NULL,"0","0","0","0","86400","0",NULL,NULL,NULL,"5","0","0","0","1","0","1",NULL,NULL,NULL,NULL,NULL,NULL,NULL,NULL,NULL,NULL,NULL,"1565613315","1565613315"
"526","manual","0","252","1",NULL,"0","0","0","0","86400","0",NULL,NULL,NULL,"5",NULL,NULL,NULL,NULL,NULL,NULL,NULL,NULL,NULL,NULL,NULL,NULL,NULL,NULL,NULL,NULL,NULL,"1565613315","1565613315"
"527","guest","1","252","2",NULL,"0","0","0","0","0","0",,NULL,NULL,"0",NULL,NULL,NULL,NULL,NULL,NULL,NULL,NULL,NULL,NULL,NULL,NULL,NULL,NULL,NULL,NULL,NULL,"1565613315","1565613315"
"531","self","0","254","0",NULL,"0","0","0","0","86400","0",NULL,NULL,NULL,"5","0","0","0","1","0","1",NULL,NULL,NULL,NULL,NULL,NULL,NULL,NULL,NULL,NULL,NULL,"1565627910","1565627910"
"532","manual","0","254","1",NULL,"0","0","0","0","86400","0",NULL,NULL,NULL,"5",NULL,NULL,NULL,NULL,NULL,NULL,NULL,NULL,NULL,NULL,NULL,NULL,NULL,NULL,NULL,NULL,NULL,"1565627910","1565627910"
"533","guest","1","254","2",NULL,"0","0","0","0","0","0",,NULL,NULL,"0",NULL,NULL,NULL,NULL,NULL,NULL,NULL,NULL,NULL,NULL,NULL,NULL,NULL,NULL,NULL,NULL,NULL,"1565627910","1565627910"
"534","self","0","255","0",NULL,"0","0","0","0","86400","0",NULL,NULL,NULL,"5","0","0","0","1","0","1",NULL,NULL,NULL,NULL,NULL,NULL,NULL,NULL,NULL,NULL,NULL,"1565629771","1565629771"
"535","manual","0","255","1",NULL,"0","0","0","0","86400","0",NULL,NULL,NULL,"5",NULL,NULL,NULL,NULL,NULL,NULL,NULL,NULL,NULL,NULL,NULL,NULL,NULL,NULL,NULL,NULL,NULL,"1565629771","1565629771"
"536","guest","1","255","2",NULL,"0","0","0","0","0","0",,NULL,NULL,"0",NULL,NULL,NULL,NULL,NULL,NULL,NULL,NULL,NULL,NULL,NULL,NULL,NULL,NULL,NULL,NULL,NULL,"1565629771","1565629771"
"537","self","0","256","0",NULL,"0","0","0","0","86400","0",NULL,NULL,NULL,"5","0","0","0","1","0","1",NULL,NULL,NULL,NULL,NULL,NULL,NULL,NULL,NULL,NULL,NULL,"1565633910","1565633910"
"538","manual","0","256","1",NULL,"0","0","0","0","86400","0",NULL,NULL,NULL,"5",NULL,NULL,NULL,NULL,NULL,NULL,NULL,NULL,NULL,NULL,NULL,NULL,NULL,NULL,NULL,NULL,NULL,"1565633910","1565633910"
"539","guest","1","256","2",NULL,"0","0","0","0","0","0",,NULL,NULL,"0",NULL,NULL,NULL,NULL,NULL,NULL,NULL,NULL,NULL,NULL,NULL,NULL,NULL,NULL,NULL,NULL,NULL,"1565633910","1565633910"
"540","self","0","257","0",NULL,"0","0","0","0","86400","0",NULL,NULL,NULL,"5","0","0","0","1","0","1",NULL,NULL,NULL,NULL,NULL,NULL,NULL,NULL,NULL,NULL,NULL,"1565634216","1565634216"
"541","manual","0","257","1",NULL,"0","0","0","0","86400","0",NULL,NULL,NULL,"5",NULL,NULL,NULL,NULL,NULL,NULL,NULL,NULL,NULL,NULL,NULL,NULL,NULL,NULL,NULL,NULL,NULL,"1565634216","1565634216"
"542","guest","1","257","2",NULL,"0","0","0","0","0","0",,NULL,NULL,"0",NULL,NULL,NULL,NULL,NULL,NULL,NULL,NULL,NULL,NULL,NULL,NULL,NULL,NULL,NULL,NULL,NULL,"1565634216","1565634216"
"543","self","0","258","0",NULL,"0","0","0","0","86400","0",NULL,NULL,NULL,"5","0","0","0","1","0","1",NULL,NULL,NULL,NULL,NULL,NULL,NULL,NULL,NULL,NULL,NULL,"1565695481","1565695481"
"544","manual","0","258","1",NULL,"0","0","0","0","86400","0",NULL,NULL,NULL,"5",NULL,NULL,NULL,NULL,NULL,NULL,NULL,NULL,NULL,NULL,NULL,NULL,NULL,NULL,NULL,NULL,NULL,"1565695481","1565695481"
"545","guest","1","258","2",NULL,"0","0","0","0","0","0",,NULL,NULL,"0",NULL,NULL,NULL,NULL,NULL,NULL,NULL,NULL,NULL,NULL,NULL,NULL,NULL,NULL,NULL,NULL,NULL,"1565695481","1565695481"
"546","self","0","259","0",NULL,"0","0","0","0","86400","0",NULL,NULL,NULL,"5","0","0","0","1","0","1",NULL,NULL,NULL,NULL,NULL,NULL,NULL,NULL,NULL,NULL,NULL,"1565695746","1565695746"
"547","manual","0","259","1",NULL,"0","0","0","0","86400","0",NULL,NULL,NULL,"5",NULL,NULL,NULL,NULL,NULL,NULL,NULL,NULL,NULL,NULL,NULL,NULL,NULL,NULL,NULL,NULL,NULL,"1565695746","1565695746"
"548","guest","1","259","2",NULL,"0","0","0","0","0","0",,NULL,NULL,"0",NULL,NULL,NULL,NULL,NULL,NULL,NULL,NULL,NULL,NULL,NULL,NULL,NULL,NULL,NULL,NULL,NULL,"1565695746","1565695746"
"549","self","0","260","0",NULL,"0","0","0","0","86400","0",NULL,NULL,NULL,"5","0","0","0","1","0","1",NULL,NULL,NULL,NULL,NULL,NULL,NULL,NULL,NULL,NULL,NULL,"1565703352","1565703352"
"550","manual","0","260","1",NULL,"0","0","0","0","86400","0",NULL,NULL,NULL,"5",NULL,NULL,NULL,NULL,NULL,NULL,NULL,NULL,NULL,NULL,NULL,NULL,NULL,NULL,NULL,NULL,NULL,"1565703352","1565703352"
"551","guest","1","260","2",NULL,"0","0","0","0","0","0",,NULL,NULL,"0",NULL,NULL,NULL,NULL,NULL,NULL,NULL,NULL,NULL,NULL,NULL,NULL,NULL,NULL,NULL,NULL,NULL,"1565703352","1565703352"
"552","self","0","261","0",NULL,"0","0","0","0","86400","0",NULL,NULL,NULL,"5","0","0","0","1","0","1",NULL,NULL,NULL,NULL,NULL,NULL,NULL,NULL,NULL,NULL,NULL,"1565798540","1565798540"
"553","manual","0","261","1",NULL,"0","0","0","0","86400","0",NULL,NULL,NULL,"5",NULL,NULL,NULL,NULL,NULL,NULL,NULL,NULL,NULL,NULL,NULL,NULL,NULL,NULL,NULL,NULL,NULL,"1565798540","1565798540"
"554","guest","1","261","2",NULL,"0","0","0","0","0","0",,NULL,NULL,"0",NULL,NULL,NULL,NULL,NULL,NULL,NULL,NULL,NULL,NULL,NULL,NULL,NULL,NULL,NULL,NULL,NULL,"1565798540","1565798540"
"555","self","0","262","0",NULL,"0","0","0","0","86400","0",NULL,NULL,NULL,"5","0","0","0","1","0","1",NULL,NULL,NULL,NULL,NULL,NULL,NULL,NULL,NULL,NULL,NULL,"1566074534","1566074534"
"556","manual","0","262","1",NULL,"0","0","0","0","86400","0",NULL,NULL,NULL,"5",NULL,NULL,NULL,NULL,NULL,NULL,NULL,NULL,NULL,NULL,NULL,NULL,NULL,NULL,NULL,NULL,NULL,"1566074534","1566074534"
"557","guest","1","262","2",NULL,"0","0","0","0","0","0",,NULL,NULL,"0",NULL,NULL,NULL,NULL,NULL,NULL,NULL,NULL,NULL,NULL,NULL,NULL,NULL,NULL,NULL,NULL,NULL,"1566074534","1566074534"
"558","self","0","263","0",NULL,"0","0","0","0","86400","0",NULL,NULL,NULL,"5","0","0","0","1","0","1",NULL,NULL,NULL,NULL,NULL,NULL,NULL,NULL,NULL,NULL,NULL,"1566297827","1566297827"
"559","manual","0","263","1",NULL,"0","0","0","0","86400","0",NULL,NULL,NULL,"5",NULL,NULL,NULL,NULL,NULL,NULL,NULL,NULL,NULL,NULL,NULL,NULL,NULL,NULL,NULL,NULL,NULL,"1566297827","1566297827"
"560","guest","1","263","2",NULL,"0","0","0","0","0","0",,NULL,NULL,"0",NULL,NULL,NULL,NULL,NULL,NULL,NULL,NULL,NULL,NULL,NULL,NULL,NULL,NULL,NULL,NULL,NULL,"1566297827","1566297827"
"561","self","0","264","0",NULL,"0","0","0","0","86400","0",NULL,NULL,NULL,"5","0","0","0","1","0","1",NULL,NULL,NULL,NULL,NULL,NULL,NULL,NULL,NULL,NULL,NULL,"1566378938","1566378938"
"562","manual","0","264","1",NULL,"0","0","0","0","86400","0",NULL,NULL,NULL,"5",NULL,NULL,NULL,NULL,NULL,NULL,NULL,NULL,NULL,NULL,NULL,NULL,NULL,NULL,NULL,NULL,NULL,"1566378938","1566378938"
"563","guest","1","264","2",NULL,"0","0","0","0","0","0",,NULL,NULL,"0",NULL,NULL,NULL,NULL,NULL,NULL,NULL,NULL,NULL,NULL,NULL,NULL,NULL,NULL,NULL,NULL,NULL,"1566378938","1566378938"
"564","self","0","265","0",NULL,"0","0","0","0","86400","0",NULL,NULL,NULL,"5","0","0","0","1","0","1",NULL,NULL,NULL,NULL,NULL,NULL,NULL,NULL,NULL,NULL,NULL,"1566822965","1566822965"
"565","manual","0","265","1",NULL,"0","0","0","0","86400","0",NULL,NULL,NULL,"5",NULL,NULL,NULL,NULL,NULL,NULL,NULL,NULL,NULL,NULL,NULL,NULL,NULL,NULL,NULL,NULL,NULL,"1566822965","1566822965"
"566","guest","1","265","2",NULL,"0","0","0","0","0","0",,NULL,NULL,"0",NULL,NULL,NULL,NULL,NULL,NULL,NULL,NULL,NULL,NULL,NULL,NULL,NULL,NULL,NULL,NULL,NULL,"1566822965","1566822965"
"567","self","0","266","0",NULL,"0","0","0","0","86400","0",NULL,NULL,NULL,"5","0","0","0","1","0","1",NULL,NULL,NULL,NULL,NULL,NULL,NULL,NULL,NULL,NULL,NULL,"1566922275","1566922275"
"568","manual","0","266","1",NULL,"0","0","0","0","86400","0",NULL,NULL,NULL,"5",NULL,NULL,NULL,NULL,NULL,NULL,NULL,NULL,NULL,NULL,NULL,NULL,NULL,NULL,NULL,NULL,NULL,"1566922275","1566922275"
"569","guest","1","266","2",NULL,"0","0","0","0","0","0",,NULL,NULL,"0",NULL,NULL,NULL,NULL,NULL,NULL,NULL,NULL,NULL,NULL,NULL,NULL,NULL,NULL,NULL,NULL,NULL,"1566922275","1566922275"
"570","self","0","267","0",NULL,"0","0","0","0","86400","0",NULL,NULL,NULL,"5","0","0","0","1","0","1",NULL,NULL,NULL,NULL,NULL,NULL,NULL,NULL,NULL,NULL,NULL,"1566922294","1566922294"
"571","manual","0","267","1",NULL,"0","0","0","0","86400","0",NULL,NULL,NULL,"5",NULL,NULL,NULL,NULL,NULL,NULL,NULL,NULL,NULL,NULL,NULL,NULL,NULL,NULL,NULL,NULL,NULL,"1566922294","1566922294"
"572","guest","1","267","2",NULL,"0","0","0","0","0","0",,NULL,NULL,"0",NULL,NULL,NULL,NULL,NULL,NULL,NULL,NULL,NULL,NULL,NULL,NULL,NULL,NULL,NULL,NULL,NULL,"1566922294","1566922294"
"573","self","0","268","0",NULL,"0","0","0","0","86400","0",NULL,NULL,NULL,"5","0","0","0","1","0","1",NULL,NULL,NULL,NULL,NULL,NULL,NULL,NULL,NULL,NULL,NULL,"1566993965","1566993965"
"574","manual","0","268","1",NULL,"0","0","0","0","86400","0",NULL,NULL,NULL,"5",NULL,NULL,NULL,NULL,NULL,NULL,NULL,NULL,NULL,NULL,NULL,NULL,NULL,NULL,NULL,NULL,NULL,"1566993965","1566993965"
"575","guest","1","268","2",NULL,"0","0","0","0","0","0",,NULL,NULL,"0",NULL,NULL,NULL,NULL,NULL,NULL,NULL,NULL,NULL,NULL,NULL,NULL,NULL,NULL,NULL,NULL,NULL,"1566993965","1566993965"
"576","self","0","269","0",NULL,"0","0","0","0","86400","0",NULL,NULL,NULL,"5","0","0","0","1","0","1",NULL,NULL,NULL,NULL,NULL,NULL,NULL,NULL,NULL,NULL,NULL,"1567600474","1567600474"
"577","manual","0","269","1",NULL,"0","0","0","0","86400","0",NULL,NULL,NULL,"5",NULL,NULL,NULL,NULL,NULL,NULL,NULL,NULL,NULL,NULL,NULL,NULL,NULL,NULL,NULL,NULL,NULL,"1567600474","1567600474"
"578","guest","1","269","2",NULL,"0","0","0","0","0","0",,NULL,NULL,"0",NULL,NULL,NULL,NULL,NULL,NULL,NULL,NULL,NULL,NULL,NULL,NULL,NULL,NULL,NULL,NULL,NULL,"1567600474","1567600474"
"579","self","0","270","0",NULL,"0","0","0","0","86400","0",NULL,NULL,NULL,"5","0","0","0","1","0","1",NULL,NULL,NULL,NULL,NULL,NULL,NULL,NULL,NULL,NULL,NULL,"1568818489","1568818489"
"580","manual","0","270","1",NULL,"0","0","0","0","86400","0",NULL,NULL,NULL,"5",NULL,NULL,NULL,NULL,NULL,NULL,NULL,NULL,NULL,NULL,NULL,NULL,NULL,NULL,NULL,NULL,NULL,"1568818489","1568818489"
"581","guest","1","270","2",NULL,"0","0","0","0","0","0",,NULL,NULL,"0",NULL,NULL,NULL,NULL,NULL,NULL,NULL,NULL,NULL,NULL,NULL,NULL,NULL,NULL,NULL,NULL,NULL,"1568818489","1568818489"
"582","self","0","271","0",NULL,"0","0","0","0","86400","0",NULL,NULL,NULL,"5","0","0","0","1","0","1",NULL,NULL,NULL,NULL,NULL,NULL,NULL,NULL,NULL,NULL,NULL,"1568818906","1568818906"
"583","manual","0","271","1",NULL,"0","0","0","0","86400","0",NULL,NULL,NULL,"5",NULL,NULL,NULL,NULL,NULL,NULL,NULL,NULL,NULL,NULL,NULL,NULL,NULL,NULL,NULL,NULL,NULL,"1568818906","1568818906"
"584","guest","1","271","2",NULL,"0","0","0","0","0","0",,NULL,NULL,"0",NULL,NULL,NULL,NULL,NULL,NULL,NULL,NULL,NULL,NULL,NULL,NULL,NULL,NULL,NULL,NULL,NULL,"1568818906","1568818906"
"585","self","0","272","0",NULL,"0","0","0","0","86400","0",NULL,NULL,NULL,"5","0","0","0","1","0","1",NULL,NULL,NULL,NULL,NULL,NULL,NULL,NULL,NULL,NULL,NULL,"1568974076","1568974076"
"586","manual","0","272","1",NULL,"0","0","0","0","86400","0",NULL,NULL,NULL,"5",NULL,NULL,NULL,NULL,NULL,NULL,NULL,NULL,NULL,NULL,NULL,NULL,NULL,NULL,NULL,NULL,NULL,"1568974076","1568974076"
"587","guest","1","272","2",NULL,"0","0","0","0","0","0",,NULL,NULL,"0",NULL,NULL,NULL,NULL,NULL,NULL,NULL,NULL,NULL,NULL,NULL,NULL,NULL,NULL,NULL,NULL,NULL,"1568974076","1568974076"
