"1","1","1","moodle/site:readallmessages","1","1447767450","0"
"2","1","3","moodle/site:readallmessages","1","1447767450","0"
"3","1","1","moodle/site:sendmessage","1","1447767451","0"
"4","1","7","moodle/site:sendmessage","1","1447767451","0"
"5","1","1","moodle/site:approvecourse","1","1447767451","0"
"6","1","3","moodle/backup:backupcourse","1","1447767451","0"
"7","1","1","moodle/backup:backupcourse","1","1447767451","0"
"8","1","3","moodle/backup:backupsection","1","1447767451","0"
"9","1","1","moodle/backup:backupsection","1","1447767451","0"
"10","1","3","moodle/backup:backupactivity","1","1447767451","0"
"11","1","1","moodle/backup:backupactivity","1","1447767451","0"
"12","1","3","moodle/backup:backuptargethub","1","1447767452","0"
"13","1","1","moodle/backup:backuptargethub","1","1447767452","0"
"14","1","3","moodle/backup:backuptargetimport","1","1447767452","0"
"15","1","1","moodle/backup:backuptargetimport","1","1447767452","0"
"16","1","3","moodle/backup:downloadfile","1","1447767452","0"
"17","1","1","moodle/backup:downloadfile","1","1447767452","0"
"18","1","3","moodle/backup:configure","1","1447767452","0"
"19","1","1","moodle/backup:configure","1","1447767452","0"
"20","1","1","moodle/backup:userinfo","1","1447767452","0"
"21","1","1","moodle/backup:anonymise","1","1447767452","0"
"22","1","3","moodle/restore:restorecourse","1","1447767452","0"
"23","1","1","moodle/restore:restorecourse","1","1447767452","0"
"24","1","3","moodle/restore:restoresection","1","1447767452","0"
"25","1","1","moodle/restore:restoresection","1","1447767453","0"
"26","1","3","moodle/restore:restoreactivity","1","1447767453","0"
"27","1","1","moodle/restore:restoreactivity","1","1447767453","0"
"28","1","3","moodle/restore:restoretargethub","1","1447767453","0"
"29","1","1","moodle/restore:restoretargethub","1","1447767453","0"
"30","1","3","moodle/restore:restoretargetimport","1","1447767453","0"
"31","1","1","moodle/restore:restoretargetimport","1","1447767453","0"
"32","1","3","moodle/restore:uploadfile","1","1447767453","0"
"33","1","1","moodle/restore:uploadfile","1","1447767453","0"
"34","1","3","moodle/restore:configure","1","1447767453","0"
"35","1","1","moodle/restore:configure","1","1447767453","0"
"36","1","2","moodle/restore:rolldates","1","1447767453","0"
"37","1","1","moodle/restore:rolldates","1","1447767453","0"
"38","1","1","moodle/restore:userinfo","1","1447767454","0"
"39","1","1","moodle/restore:createuser","1","1447767454","0"
"40","1","3","moodle/site:manageblocks","1","1447767454","0"
"41","1","1","moodle/site:manageblocks","1","1447767454","0"
"42","1","4","moodle/site:accessallgroups","1","1447767454","0"
"43","1","3","moodle/site:accessallgroups","1","1447767454","0"
"44","1","1","moodle/site:accessallgroups","1","1447767454","0"
"45","1","4","moodle/site:viewfullnames","1","1447767454","0"
"46","1","3","moodle/site:viewfullnames","1","1447767454","0"
"47","1","1","moodle/site:viewfullnames","1","1447767454","0"
"48","1","4","moodle/site:viewuseridentity","1","1447767454","0"
"49","1","3","moodle/site:viewuseridentity","1","1447767454","0"
"50","1","1","moodle/site:viewuseridentity","1","1447767454","0"
"51","1","4","moodle/site:viewreports","1","1447767455","0"
"52","1","3","moodle/site:viewreports","1","1447767455","0"
"53","1","1","moodle/site:viewreports","1","1447767455","0"
"54","1","3","moodle/site:trustcontent","1","1447767455","0"
"55","1","1","moodle/site:trustcontent","1","1447767455","0"
"56","1","1","moodle/site:uploadusers","1","1447767455","0"
"57","1","3","moodle/filter:manage","1","1447767455","0"
"58","1","1","moodle/filter:manage","1","1447767455","0"
"59","1","1","moodle/user:create","1","1447767455","0"
"60","1","1","moodle/user:delete","1","1447767455","0"
"61","1","1","moodle/user:update","1","1447767455","0"
"62","1","6","moodle/user:viewdetails","1","1447767455","0"
"63","1","5","moodle/user:viewdetails","1","1447767455","0"
"64","1","4","moodle/user:viewdetails","1","1447767455","0"
"65","1","3","moodle/user:viewdetails","1","1447767456","0"
"66","1","1","moodle/user:viewdetails","1","1447767456","0"
"67","1","1","moodle/user:viewalldetails","1","1447767456","0"
"68","1","1","moodle/user:viewlastip","1","1447767456","0"
"69","1","4","moodle/user:viewhiddendetails","1","1447767456","0"
"70","1","3","moodle/user:viewhiddendetails","1","1447767456","0"
"71","1","1","moodle/user:viewhiddendetails","1","1447767456","0"
"72","1","1","moodle/user:loginas","1","1447767456","0"
"73","1","1","moodle/user:managesyspages","1","1447767456","0"
"74","1","7","moodle/user:manageownblocks","1","1447767457","0"
"75","1","7","moodle/user:manageownfiles","1","1447767457","0"
"76","1","1","moodle/my:configsyspages","1","1447767457","0"
"77","1","3","moodle/role:assign","1","1447767457","0"
"78","1","1","moodle/role:assign","1","1447767457","0"
"79","1","4","moodle/role:review","1","1447767457","0"
"80","1","3","moodle/role:review","1","1447767457","0"
"81","1","1","moodle/role:review","1","1447767457","0"
"82","1","1","moodle/role:override","1","1447767457","0"
"83","1","3","moodle/role:safeoverride","1","1447767457","0"
"84","1","1","moodle/role:manage","1","1447767457","0"
"85","1","3","moodle/role:switchroles","1","1447767457","0"
"86","1","1","moodle/role:switchroles","1","1447767457","0"
"87","1","1","moodle/category:manage","1","1447767457","0"
"88","1","2","moodle/category:viewhiddencategories","1","1447767457","0"
"89","1","1","moodle/category:viewhiddencategories","1","1447767458","0"
"90","1","1","moodle/cohort:manage","1","1447767458","0"
"91","1","1","moodle/cohort:assign","1","1447767458","0"
"92","1","3","moodle/cohort:view","1","1447767458","0"
"93","1","1","moodle/cohort:view","1","1447767458","0"
"94","1","2","moodle/course:create","1","1447767458","0"
"95","1","1","moodle/course:create","1","1447767458","0"
"96","1","7","moodle/course:request","1","1447767458","0"
"97","1","1","moodle/course:delete","1","1447767458","0"
"98","1","3","moodle/course:update","1","1447767458","0"
"99","1","1","moodle/course:update","1","1447767458","0"
"100","1","1","moodle/course:view","1","1447767458","0"
"101","1","3","moodle/course:enrolreview","1","1447767458","0"
"102","1","1","moodle/course:enrolreview","1","1447767458","0"
"103","1","3","moodle/course:enrolconfig","1","1447767459","0"
"104","1","1","moodle/course:enrolconfig","1","1447767459","0"
"105","1","3","moodle/course:reviewotherusers","1","1447767459","0"
"106","1","1","moodle/course:reviewotherusers","1","1447767459","0"
"107","1","4","moodle/course:bulkmessaging","1","1447767459","0"
"108","1","3","moodle/course:bulkmessaging","1","1447767459","0"
"109","1","1","moodle/course:bulkmessaging","1","1447767459","0"
"110","1","4","moodle/course:viewhiddenuserfields","1","1447767459","0"
"111","1","3","moodle/course:viewhiddenuserfields","1","1447767459","0"
"112","1","1","moodle/course:viewhiddenuserfields","1","1447767459","0"
"113","1","2","moodle/course:viewhiddencourses","1","1447767459","0"
"114","1","4","moodle/course:viewhiddencourses","1","1447767459","0"
"115","1","3","moodle/course:viewhiddencourses","1","1447767459","0"
"116","1","1","moodle/course:viewhiddencourses","1","1447767459","0"
"117","1","3","moodle/course:visibility","1","1447767459","0"
"118","1","1","moodle/course:visibility","1","1447767459","0"
"119","1","3","moodle/course:managefiles","1","1447767459","0"
"120","1","1","moodle/course:managefiles","1","1447767459","0"
"121","1","3","moodle/course:manageactivities","1","1447767460","0"
"122","1","1","moodle/course:manageactivities","1","1447767460","0"
"123","1","3","moodle/course:activityvisibility","1","1447767460","0"
"124","1","1","moodle/course:activityvisibility","1","1447767460","0"
"125","1","4","moodle/course:viewhiddenactivities","1","1447767460","0"
"126","1","3","moodle/course:viewhiddenactivities","1","1447767460","0"
"127","1","1","moodle/course:viewhiddenactivities","1","1447767460","0"
"128","1","5","moodle/course:viewparticipants","1","1447767460","0"
"129","1","4","moodle/course:viewparticipants","1","1447767460","0"
"130","1","3","moodle/course:viewparticipants","1","1447767460","0"
"131","1","1","moodle/course:viewparticipants","1","1447767460","0"
"132","1","3","moodle/course:changefullname","1","1447767460","0"
"133","1","1","moodle/course:changefullname","1","1447767460","0"
"134","1","3","moodle/course:changeshortname","1","1447767460","0"
"135","1","1","moodle/course:changeshortname","1","1447767460","0"
"136","1","3","moodle/course:changeidnumber","1","1447767460","0"
"137","1","1","moodle/course:changeidnumber","1","1447767460","0"
"138","1","3","moodle/course:changecategory","1","1447767461","0"
"139","1","1","moodle/course:changecategory","1","1447767461","0"
"140","1","3","moodle/course:changesummary","1","1447767461","0"
"141","1","1","moodle/course:changesummary","1","1447767461","0"
"142","1","1","moodle/site:viewparticipants","1","1447767461","0"
"143","1","5","moodle/course:isincompletionreports","1","1447767461","0"
"144","1","5","moodle/course:viewscales","1","1447767461","0"
"145","1","4","moodle/course:viewscales","1","1447767461","0"
"146","1","3","moodle/course:viewscales","1","1447767461","0"
"147","1","1","moodle/course:viewscales","1","1447767461","0"
"148","1","3","moodle/course:managescales","1","1447767461","0"
"149","1","1","moodle/course:managescales","1","1447767461","0"
"150","1","3","moodle/course:managegroups","1","1447767462","0"
"151","1","1","moodle/course:managegroups","1","1447767462","0"
"152","1","3","moodle/course:reset","1","1447767462","0"
"153","1","1","moodle/course:reset","1","1447767462","0"
"154","1","3","moodle/course:viewsuspendedusers","1","1447767462","0"
"155","1","1","moodle/course:viewsuspendedusers","1","1447767462","0"
"156","1","6","moodle/blog:view","1","1447767462","0"
"157","1","7","moodle/blog:view","1","1447767462","0"
"158","1","5","moodle/blog:view","1","1447767462","0"
"159","1","4","moodle/blog:view","1","1447767463","0"
"160","1","3","moodle/blog:view","1","1447767463","0"
"161","1","1","moodle/blog:view","1","1447767463","0"
"162","1","6","moodle/blog:search","1","1447767463","0"
"163","1","7","moodle/blog:search","1","1447767463","0"
"164","1","5","moodle/blog:search","1","1447767463","0"
"165","1","4","moodle/blog:search","1","1447767463","0"
"166","1","3","moodle/blog:search","1","1447767463","0"
"167","1","1","moodle/blog:search","1","1447767463","0"
"168","1","1","moodle/blog:viewdrafts","1","1447767463","0"
"169","1","7","moodle/blog:create","1","1447767463","0"
"170","1","1","moodle/blog:create","1","1447767463","0"
"171","1","4","moodle/blog:manageentries","1","1447767463","0"
"172","1","3","moodle/blog:manageentries","1","1447767463","0"
"173","1","1","moodle/blog:manageentries","1","1447767464","0"
"174","1","5","moodle/blog:manageexternal","1","1447767464","0"
"175","1","7","moodle/blog:manageexternal","1","1447767464","0"
"176","1","4","moodle/blog:manageexternal","1","1447767464","0"
"177","1","3","moodle/blog:manageexternal","1","1447767464","0"
"178","1","1","moodle/blog:manageexternal","1","1447767464","0"
"179","1","7","moodle/calendar:manageownentries","1","1447767464","0"
"180","1","1","moodle/calendar:manageownentries","1","1447767464","0"
"181","1","4","moodle/calendar:managegroupentries","1","1447767464","0"
"182","1","3","moodle/calendar:managegroupentries","1","1447767465","0"
"183","1","1","moodle/calendar:managegroupentries","1","1447767465","0"
"184","1","4","moodle/calendar:manageentries","1","1447767465","0"
"185","1","3","moodle/calendar:manageentries","1","1447767465","0"
"186","1","1","moodle/calendar:manageentries","1","1447767465","0"
"187","1","1","moodle/user:editprofile","1","1447767465","0"
"188","1","6","moodle/user:editownprofile","-1000","1447767465","0"
"189","1","7","moodle/user:editownprofile","1","1447767465","0"
"190","1","1","moodle/user:editownprofile","1","1447767466","0"
"191","1","6","moodle/user:changeownpassword","-1000","1447767466","0"
"192","1","7","moodle/user:changeownpassword","1","1447767466","0"
"193","1","1","moodle/user:changeownpassword","1","1447767466","0"
"194","1","5","moodle/user:readuserposts","1","1447767466","0"
"195","1","4","moodle/user:readuserposts","1","1447767466","0"
"196","1","3","moodle/user:readuserposts","1","1447767466","0"
"197","1","1","moodle/user:readuserposts","1","1447767466","0"
"198","1","5","moodle/user:readuserblogs","1","1447767467","0"
"199","1","4","moodle/user:readuserblogs","1","1447767467","0"
"200","1","3","moodle/user:readuserblogs","1","1447767467","0"
"201","1","1","moodle/user:readuserblogs","1","1447767467","0"
"202","1","1","moodle/user:editmessageprofile","1","1447767467","0"
"203","1","6","moodle/user:editownmessageprofile","-1000","1447767467","0"
"204","1","7","moodle/user:editownmessageprofile","1","1447767467","0"
"205","1","1","moodle/user:editownmessageprofile","1","1447767467","0"
"206","1","3","moodle/question:managecategory","1","1447767467","0"
"207","1","1","moodle/question:managecategory","1","1447767468","0"
"208","1","3","moodle/question:add","1","1447767468","0"
"209","1","1","moodle/question:add","1","1447767468","0"
"210","1","3","moodle/question:editmine","1","1447767468","0"
"211","1","1","moodle/question:editmine","1","1447767468","0"
"212","1","3","moodle/question:editall","1","1447767468","0"
"213","1","1","moodle/question:editall","1","1447767468","0"
"214","1","3","moodle/question:viewmine","1","1447767468","0"
"215","1","1","moodle/question:viewmine","1","1447767468","0"
"216","1","3","moodle/question:viewall","1","1447767468","0"
"217","1","1","moodle/question:viewall","1","1447767468","0"
"218","1","3","moodle/question:usemine","1","1447767469","0"
"219","1","1","moodle/question:usemine","1","1447767469","0"
"220","1","3","moodle/question:useall","1","1447767469","0"
"221","1","1","moodle/question:useall","1","1447767469","0"
"222","1","3","moodle/question:movemine","1","1447767469","0"
"223","1","1","moodle/question:movemine","1","1447767469","0"
"224","1","3","moodle/question:moveall","1","1447767469","0"
"225","1","1","moodle/question:moveall","1","1447767469","0"
"226","1","1","moodle/question:config","1","1447767469","0"
"227","1","5","moodle/question:flag","1","1447767469","0"
"228","1","4","moodle/question:flag","1","1447767469","0"
"229","1","3","moodle/question:flag","1","1447767469","0"
"230","1","1","moodle/question:flag","1","1447767469","0"
"231","1","4","moodle/site:doclinks","1","1447767470","0"
"232","1","3","moodle/site:doclinks","1","1447767470","0"
"233","1","1","moodle/site:doclinks","1","1447767470","0"
"234","1","3","moodle/course:sectionvisibility","1","1447767470","0"
"235","1","1","moodle/course:sectionvisibility","1","1447767470","0"
"236","1","3","moodle/course:useremail","1","1447767470","0"
"237","1","1","moodle/course:useremail","1","1447767470","0"
"238","1","3","moodle/course:viewhiddensections","1","1447767470","0"
"239","1","1","moodle/course:viewhiddensections","1","1447767470","0"
"240","1","3","moodle/course:setcurrentsection","1","1447767470","0"
"241","1","1","moodle/course:setcurrentsection","1","1447767470","0"
"242","1","3","moodle/course:movesections","1","1447767470","0"
"243","1","1","moodle/course:movesections","1","1447767470","0"
"244","1","4","moodle/grade:viewall","1","1447767471","0"
"245","1","3","moodle/grade:viewall","1","1447767471","0"
"246","1","1","moodle/grade:viewall","1","1447767471","0"
"247","1","5","moodle/grade:view","1","1447767471","0"
"248","1","4","moodle/grade:viewhidden","1","1447767471","0"
"249","1","3","moodle/grade:viewhidden","1","1447767471","0"
"250","1","1","moodle/grade:viewhidden","1","1447767471","0"
"251","1","3","moodle/grade:import","1","1447767471","0"
"252","1","1","moodle/grade:import","1","1447767471","0"
"253","1","4","moodle/grade:export","1","1447767471","0"
"254","1","3","moodle/grade:export","1","1447767471","0"
"255","1","1","moodle/grade:export","1","1447767471","0"
"256","1","3","moodle/grade:manage","1","1447767471","0"
"257","1","1","moodle/grade:manage","1","1447767471","0"
"258","1","3","moodle/grade:edit","1","1447767472","0"
"259","1","1","moodle/grade:edit","1","1447767472","0"
"260","1","3","moodle/grade:managegradingforms","1","1447767472","0"
"261","1","1","moodle/grade:managegradingforms","1","1447767472","0"
"262","1","1","moodle/grade:sharegradingforms","1","1447767473","0"
"263","1","1","moodle/grade:managesharedforms","1","1447767473","0"
"264","1","3","moodle/grade:manageoutcomes","1","1447767473","0"
"265","1","1","moodle/grade:manageoutcomes","1","1447767473","0"
"266","1","3","moodle/grade:manageletters","1","1447767473","0"
"267","1","1","moodle/grade:manageletters","1","1447767473","0"
"268","1","3","moodle/grade:hide","1","1447767473","0"
"269","1","1","moodle/grade:hide","1","1447767473","0"
"270","1","3","moodle/grade:lock","1","1447767473","0"
"271","1","1","moodle/grade:lock","1","1447767473","0"
"272","1","3","moodle/grade:unlock","1","1447767474","0"
"273","1","1","moodle/grade:unlock","1","1447767474","0"
"274","1","7","moodle/my:manageblocks","1","1447767474","0"
"275","1","4","moodle/notes:view","1","1447767474","0"
"276","1","3","moodle/notes:view","1","1447767474","0"
"277","1","1","moodle/notes:view","1","1447767474","0"
"278","1","4","moodle/notes:manage","1","1447767474","0"
"279","1","3","moodle/notes:manage","1","1447767474","0"
"280","1","1","moodle/notes:manage","1","1447767474","0"
"281","1","4","moodle/tag:manage","1","1447767474","0"
"282","1","3","moodle/tag:manage","1","1447767474","0"
"283","1","1","moodle/tag:manage","1","1447767474","0"
"286","1","1","moodle/tag:edit","1","1447767474","0"
"287","1","7","moodle/tag:edit","1","1447767475","0"
"288","1","1","moodle/tag:flag","1","1447767475","0"
"289","1","7","moodle/tag:flag","1","1447767475","0"
"290","1","4","moodle/tag:editblocks","1","1447767475","0"
"291","1","3","moodle/tag:editblocks","1","1447767475","0"
"292","1","1","moodle/tag:editblocks","1","1447767475","0"
"293","1","6","moodle/block:view","1","1447767475","0"
"294","1","7","moodle/block:view","1","1447767475","0"
"295","1","5","moodle/block:view","1","1447767475","0"
"296","1","4","moodle/block:view","1","1447767475","0"
"297","1","3","moodle/block:view","1","1447767475","0"
"298","1","3","moodle/block:edit","1","1447767475","0"
"299","1","1","moodle/block:edit","1","1447767475","0"
"300","1","7","moodle/portfolio:export","1","1447767475","0"
"301","1","5","moodle/portfolio:export","1","1447767475","0"
"302","1","4","moodle/portfolio:export","1","1447767476","0"
"303","1","3","moodle/portfolio:export","1","1447767476","0"
"304","1","8","moodle/comment:view","1","1447767476","0"
"305","1","6","moodle/comment:view","1","1447767476","0"
"306","1","7","moodle/comment:view","1","1447767476","0"
"307","1","5","moodle/comment:view","1","1447767476","0"
"308","1","4","moodle/comment:view","1","1447767476","0"
"309","1","3","moodle/comment:view","1","1447767476","0"
"310","1","1","moodle/comment:view","1","1447767476","0"
"311","1","7","moodle/comment:post","1","1447767477","0"
"312","1","5","moodle/comment:post","1","1447767477","0"
"313","1","4","moodle/comment:post","1","1447767477","0"
"314","1","3","moodle/comment:post","1","1447767477","0"
"315","1","1","moodle/comment:post","1","1447767477","0"
"316","1","3","moodle/comment:delete","1","1447767477","0"
"317","1","1","moodle/comment:delete","1","1447767477","0"
"318","1","1","moodle/webservice:createtoken","1","1447767477","0"
"319","1","7","moodle/webservice:createmobiletoken","1","1447767478","0"
"320","1","7","moodle/rating:view","1","1447767478","0"
"321","1","5","moodle/rating:view","1","1447767478","0"
"322","1","4","moodle/rating:view","1","1447767478","0"
"323","1","3","moodle/rating:view","1","1447767478","0"
"324","1","1","moodle/rating:view","1","1447767478","0"
"325","1","7","moodle/rating:viewany","1","1447767478","0"
"326","1","5","moodle/rating:viewany","1","1447767478","0"
"327","1","4","moodle/rating:viewany","1","1447767479","0"
"328","1","3","moodle/rating:viewany","1","1447767479","0"
"329","1","1","moodle/rating:viewany","1","1447767479","0"
"330","1","7","moodle/rating:viewall","1","1447767479","0"
"331","1","5","moodle/rating:viewall","1","1447767479","0"
"332","1","4","moodle/rating:viewall","1","1447767479","0"
"333","1","3","moodle/rating:viewall","1","1447767479","0"
"334","1","1","moodle/rating:viewall","1","1447767479","0"
"335","1","7","moodle/rating:rate","1","1447767479","0"
"336","1","5","moodle/rating:rate","1","1447767479","0"
"337","1","4","moodle/rating:rate","1","1447767480","0"
"338","1","3","moodle/rating:rate","1","1447767480","0"
"339","1","1","moodle/rating:rate","1","1447767480","0"
"340","1","1","moodle/course:publish","1","1447767480","0"
"341","1","4","moodle/course:markcomplete","1","1447767480","0"
"342","1","3","moodle/course:markcomplete","1","1447767480","0"
"343","1","1","moodle/course:markcomplete","1","1447767480","0"
"344","1","1","moodle/community:add","1","1447767480","0"
"345","1","4","moodle/community:add","1","1447767480","0"
"346","1","3","moodle/community:add","1","1447767481","0"
"347","1","1","moodle/community:download","1","1447767481","0"
"348","1","3","moodle/community:download","1","1447767481","0"
"349","1","1","moodle/badges:manageglobalsettings","1","1447767481","0"
"350","1","7","moodle/badges:viewbadges","1","1447767481","0"
"351","1","7","moodle/badges:manageownbadges","1","1447767481","0"
"352","1","7","moodle/badges:viewotherbadges","1","1447767481","0"
"353","1","7","moodle/badges:earnbadge","1","1447767481","0"
"354","1","1","moodle/badges:createbadge","1","1447767481","0"
"355","1","3","moodle/badges:createbadge","1","1447767481","0"
"356","1","1","moodle/badges:deletebadge","1","1447767482","0"
"357","1","3","moodle/badges:deletebadge","1","1447767482","0"
"358","1","1","moodle/badges:configuredetails","1","1447767482","0"
"359","1","3","moodle/badges:configuredetails","1","1447767482","0"
"360","1","1","moodle/badges:configurecriteria","1","1447767482","0"
"361","1","3","moodle/badges:configurecriteria","1","1447767482","0"
"362","1","1","moodle/badges:configuremessages","1","1447767482","0"
"363","1","3","moodle/badges:configuremessages","1","1447767482","0"
"364","1","1","moodle/badges:awardbadge","1","1447767482","0"
"365","1","4","moodle/badges:awardbadge","1","1447767482","0"
"366","1","3","moodle/badges:awardbadge","1","1447767482","0"
"367","1","1","moodle/badges:viewawarded","1","1447767482","0"
"368","1","4","moodle/badges:viewawarded","1","1447767483","0"
"369","1","3","moodle/badges:viewawarded","1","1447767483","0"
"370","1","6","mod/assign:view","1","1447767593","0"
"371","1","5","mod/assign:view","1","1447767593","0"
"372","1","4","mod/assign:view","1","1447767593","0"
"373","1","3","mod/assign:view","1","1447767593","0"
"374","1","1","mod/assign:view","1","1447767593","0"
"375","1","5","mod/assign:submit","1","1447767593","0"
"376","1","4","mod/assign:grade","1","1447767593","0"
"377","1","3","mod/assign:grade","1","1447767593","0"
"378","1","1","mod/assign:grade","1","1447767594","0"
"379","1","4","mod/assign:exportownsubmission","1","1447767594","0"
"380","1","3","mod/assign:exportownsubmission","1","1447767594","0"
"381","1","1","mod/assign:exportownsubmission","1","1447767594","0"
"382","1","5","mod/assign:exportownsubmission","1","1447767594","0"
"383","1","3","mod/assign:addinstance","1","1447767594","0"
"384","1","1","mod/assign:addinstance","1","1447767594","0"
"385","1","4","mod/assign:grantextension","1","1447767595","0"
"386","1","3","mod/assign:grantextension","1","1447767595","0"
"387","1","1","mod/assign:grantextension","1","1447767595","0"
"388","1","3","mod/assign:revealidentities","1","1447767595","0"
"389","1","1","mod/assign:revealidentities","1","1447767595","0"
"390","1","3","mod/assign:reviewgrades","1","1447767595","0"
"391","1","1","mod/assign:reviewgrades","1","1447767596","0"
"392","1","3","mod/assign:releasegrades","1","1447767596","0"
"393","1","1","mod/assign:releasegrades","1","1447767596","0"
"394","1","3","mod/assign:managegrades","1","1447767596","0"
"395","1","1","mod/assign:managegrades","1","1447767596","0"
"396","1","3","mod/assign:manageallocations","1","1447767596","0"
"397","1","1","mod/assign:manageallocations","1","1447767596","0"
"398","1","3","mod/assign:viewgrades","1","1447767596","0"
"399","1","1","mod/assign:viewgrades","1","1447767597","0"
"400","1","4","mod/assign:viewgrades","1","1447767597","0"
"401","1","1","mod/assign:viewblinddetails","1","1447767597","0"
"402","1","4","mod/assign:receivegradernotifications","1","1447767597","0"
"403","1","3","mod/assign:receivegradernotifications","1","1447767597","0"
"404","1","1","mod/assign:receivegradernotifications","1","1447767597","0"
"405","1","6","mod/assignment:view","1","1447767603","0"
"406","1","5","mod/assignment:view","1","1447767603","0"
"407","1","4","mod/assignment:view","1","1447767603","0"
"408","1","3","mod/assignment:view","1","1447767603","0"
"409","1","1","mod/assignment:view","1","1447767603","0"
"410","1","3","mod/assignment:addinstance","1","1447767603","0"
"411","1","1","mod/assignment:addinstance","1","1447767603","0"
"412","1","5","mod/assignment:submit","1","1447767603","0"
"413","1","4","mod/assignment:grade","1","1447767603","0"
"414","1","3","mod/assignment:grade","1","1447767603","0"
"415","1","1","mod/assignment:grade","1","1447767603","0"
"416","1","4","mod/assignment:exportownsubmission","1","1447767603","0"
"417","1","3","mod/assignment:exportownsubmission","1","1447767603","0"
"418","1","1","mod/assignment:exportownsubmission","1","1447767604","0"
"419","1","5","mod/assignment:exportownsubmission","1","1447767604","0"
"420","1","3","mod/book:addinstance","1","1447767606","0"
"421","1","1","mod/book:addinstance","1","1447767606","0"
"422","1","6","mod/book:read","1","1447767606","0"
"423","1","8","mod/book:read","1","1447767606","0"
"424","1","5","mod/book:read","1","1447767606","0"
"425","1","4","mod/book:read","1","1447767606","0"
"426","1","3","mod/book:read","1","1447767606","0"
"427","1","1","mod/book:read","1","1447767606","0"
"428","1","4","mod/book:viewhiddenchapters","1","1447767606","0"
"429","1","3","mod/book:viewhiddenchapters","1","1447767606","0"
"430","1","1","mod/book:viewhiddenchapters","1","1447767607","0"
"431","1","3","mod/book:edit","1","1447767607","0"
"432","1","1","mod/book:edit","1","1447767607","0"
"433","1","3","mod/chat:addinstance","1","1447767612","0"
"434","1","1","mod/chat:addinstance","1","1447767612","0"
"435","1","5","mod/chat:chat","1","1447767612","0"
"436","1","4","mod/chat:chat","1","1447767612","0"
"437","1","3","mod/chat:chat","1","1447767612","0"
"438","1","1","mod/chat:chat","1","1447767612","0"
"439","1","5","mod/chat:readlog","1","1447767612","0"
"440","1","4","mod/chat:readlog","1","1447767612","0"
"441","1","3","mod/chat:readlog","1","1447767612","0"
"442","1","1","mod/chat:readlog","1","1447767612","0"
"443","1","4","mod/chat:deletelog","1","1447767613","0"
"444","1","3","mod/chat:deletelog","1","1447767613","0"
"445","1","1","mod/chat:deletelog","1","1447767613","0"
"446","1","4","mod/chat:exportparticipatedsession","1","1447767613","0"
"447","1","3","mod/chat:exportparticipatedsession","1","1447767613","0"
"448","1","1","mod/chat:exportparticipatedsession","1","1447767613","0"
"449","1","4","mod/chat:exportsession","1","1447767613","0"
"450","1","3","mod/chat:exportsession","1","1447767614","0"
"451","1","1","mod/chat:exportsession","1","1447767614","0"
"452","1","3","mod/choice:addinstance","1","1447767616","0"
"453","1","1","mod/choice:addinstance","1","1447767616","0"
"454","1","5","mod/choice:choose","1","1447767616","0"
"455","1","4","mod/choice:choose","1","1447767616","0"
"456","1","3","mod/choice:choose","1","1447767616","0"
"457","1","4","mod/choice:readresponses","1","1447767616","0"
"458","1","3","mod/choice:readresponses","1","1447767616","0"
"459","1","1","mod/choice:readresponses","1","1447767616","0"
"460","1","4","mod/choice:deleteresponses","1","1447767617","0"
"461","1","3","mod/choice:deleteresponses","1","1447767617","0"
"462","1","1","mod/choice:deleteresponses","1","1447767617","0"
"463","1","4","mod/choice:downloadresponses","1","1447767617","0"
"464","1","3","mod/choice:downloadresponses","1","1447767617","0"
"465","1","1","mod/choice:downloadresponses","1","1447767617","0"
"466","1","3","mod/data:addinstance","1","1447767621","0"
"467","1","1","mod/data:addinstance","1","1447767621","0"
"468","1","8","mod/data:viewentry","1","1447767621","0"
"469","1","6","mod/data:viewentry","1","1447767621","0"
"470","1","5","mod/data:viewentry","1","1447767621","0"
"471","1","4","mod/data:viewentry","1","1447767621","0"
"472","1","3","mod/data:viewentry","1","1447767621","0"
"473","1","1","mod/data:viewentry","1","1447767621","0"
"474","1","5","mod/data:writeentry","1","1447767621","0"
"475","1","4","mod/data:writeentry","1","1447767621","0"
"476","1","3","mod/data:writeentry","1","1447767621","0"
"477","1","1","mod/data:writeentry","1","1447767621","0"
"478","1","5","mod/data:comment","1","1447767621","0"
"479","1","4","mod/data:comment","1","1447767622","0"
"480","1","3","mod/data:comment","1","1447767622","0"
"481","1","1","mod/data:comment","1","1447767622","0"
"482","1","4","mod/data:rate","1","1447767622","0"
"483","1","3","mod/data:rate","1","1447767622","0"
"484","1","1","mod/data:rate","1","1447767622","0"
"485","1","4","mod/data:viewrating","1","1447767622","0"
"486","1","3","mod/data:viewrating","1","1447767623","0"
"487","1","1","mod/data:viewrating","1","1447767623","0"
"488","1","4","mod/data:viewanyrating","1","1447767623","0"
"489","1","3","mod/data:viewanyrating","1","1447767623","0"
"490","1","1","mod/data:viewanyrating","1","1447767623","0"
"491","1","4","mod/data:viewallratings","1","1447767623","0"
"492","1","3","mod/data:viewallratings","1","1447767623","0"
"493","1","1","mod/data:viewallratings","1","1447767623","0"
"494","1","4","mod/data:approve","1","1447767624","0"
"495","1","3","mod/data:approve","1","1447767624","0"
"496","1","1","mod/data:approve","1","1447767624","0"
"497","1","4","mod/data:manageentries","1","1447767624","0"
"498","1","3","mod/data:manageentries","1","1447767624","0"
"499","1","1","mod/data:manageentries","1","1447767624","0"
"500","1","4","mod/data:managecomments","1","1447767624","0"
"501","1","3","mod/data:managecomments","1","1447767624","0"
"502","1","1","mod/data:managecomments","1","1447767625","0"
"503","1","3","mod/data:managetemplates","1","1447767625","0"
"504","1","1","mod/data:managetemplates","1","1447767625","0"
"505","1","4","mod/data:viewalluserpresets","1","1447767625","0"
"506","1","3","mod/data:viewalluserpresets","1","1447767625","0"
"507","1","1","mod/data:viewalluserpresets","1","1447767625","0"
"508","1","1","mod/data:manageuserpresets","1","1447767625","0"
"509","1","1","mod/data:exportentry","1","1447767625","0"
"510","1","4","mod/data:exportentry","1","1447767626","0"
"511","1","3","mod/data:exportentry","1","1447767626","0"
"512","1","1","mod/data:exportownentry","1","1447767626","0"
"513","1","4","mod/data:exportownentry","1","1447767626","0"
"514","1","3","mod/data:exportownentry","1","1447767626","0"
"515","1","5","mod/data:exportownentry","1","1447767626","0"
"516","1","1","mod/data:exportallentries","1","1447767626","0"
"517","1","4","mod/data:exportallentries","1","1447767626","0"
"518","1","3","mod/data:exportallentries","1","1447767626","0"
"519","1","1","mod/data:exportuserinfo","1","1447767626","0"
"520","1","4","mod/data:exportuserinfo","1","1447767626","0"
"521","1","3","mod/data:exportuserinfo","1","1447767626","0"
"522","1","3","mod/feedback:addinstance","1","1447767632","0"
"523","1","1","mod/feedback:addinstance","1","1447767632","0"
"524","1","6","mod/feedback:view","1","1447767632","0"
"525","1","5","mod/feedback:view","1","1447767632","0"
"526","1","4","mod/feedback:view","1","1447767632","0"
"527","1","3","mod/feedback:view","1","1447767632","0"
"528","1","1","mod/feedback:view","1","1447767632","0"
"529","1","5","mod/feedback:complete","1","1447767632","0"
"530","1","5","mod/feedback:viewanalysepage","1","1447767632","0"
"531","1","3","mod/feedback:viewanalysepage","1","1447767633","0"
"532","1","1","mod/feedback:viewanalysepage","1","1447767633","0"
"533","1","3","mod/feedback:deletesubmissions","1","1447767633","0"
"534","1","1","mod/feedback:deletesubmissions","1","1447767633","0"
"535","1","1","mod/feedback:mapcourse","1","1447767633","0"
"536","1","3","mod/feedback:edititems","1","1447767633","0"
"537","1","1","mod/feedback:edititems","1","1447767633","0"
"538","1","3","mod/feedback:createprivatetemplate","1","1447767633","0"
"539","1","1","mod/feedback:createprivatetemplate","1","1447767633","0"
"540","1","3","mod/feedback:createpublictemplate","1","1447767633","0"
"541","1","1","mod/feedback:createpublictemplate","1","1447767633","0"
"542","1","3","mod/feedback:deletetemplate","1","1447767634","0"
"543","1","1","mod/feedback:deletetemplate","1","1447767634","0"
"544","1","4","mod/feedback:viewreports","1","1447767634","0"
"545","1","3","mod/feedback:viewreports","1","1447767634","0"
"546","1","1","mod/feedback:viewreports","1","1447767634","0"
"547","1","4","mod/feedback:receivemail","1","1447767634","0"
"548","1","3","mod/feedback:receivemail","1","1447767634","0"
"549","1","3","mod/folder:addinstance","1","1447767636","0"
"550","1","1","mod/folder:addinstance","1","1447767636","0"
"551","1","6","mod/folder:view","1","1447767636","0"
"552","1","7","mod/folder:view","1","1447767636","0"
"553","1","3","mod/folder:managefiles","1","1447767637","0"
"554","1","3","mod/forum:addinstance","1","1447767645","0"
"555","1","1","mod/forum:addinstance","1","1447767645","0"
"556","1","8","mod/forum:viewdiscussion","1","1447767645","0"
"557","1","6","mod/forum:viewdiscussion","1","1447767645","0"
"558","1","5","mod/forum:viewdiscussion","1","1447767645","0"
"559","1","4","mod/forum:viewdiscussion","1","1447767645","0"
"560","1","3","mod/forum:viewdiscussion","1","1447767645","0"
"561","1","1","mod/forum:viewdiscussion","1","1447767645","0"
"562","1","4","mod/forum:viewhiddentimedposts","1","1447767645","0"
"563","1","3","mod/forum:viewhiddentimedposts","1","1447767645","0"
"564","1","1","mod/forum:viewhiddentimedposts","1","1447767645","0"
"565","1","5","mod/forum:startdiscussion","1","1447767646","0"
"566","1","4","mod/forum:startdiscussion","1","1447767646","0"
"567","1","3","mod/forum:startdiscussion","1","1447767646","0"
"568","1","1","mod/forum:startdiscussion","1","1447767646","0"
"569","1","5","mod/forum:replypost","1","1447767646","0"
"570","1","4","mod/forum:replypost","1","1447767646","0"
"571","1","3","mod/forum:replypost","1","1447767646","0"
"572","1","1","mod/forum:replypost","1","1447767646","0"
"573","1","4","mod/forum:addnews","1","1447767646","0"
"574","1","3","mod/forum:addnews","1","1447767646","0"
"575","1","1","mod/forum:addnews","1","1447767646","0"
"576","1","4","mod/forum:replynews","1","1447767646","0"
"577","1","3","mod/forum:replynews","1","1447767647","0"
"578","1","1","mod/forum:replynews","1","1447767647","0"
"579","1","5","mod/forum:viewrating","1","1447767647","0"
"580","1","4","mod/forum:viewrating","1","1447767647","0"
"581","1","3","mod/forum:viewrating","1","1447767647","0"
"582","1","1","mod/forum:viewrating","1","1447767647","0"
"583","1","4","mod/forum:viewanyrating","1","1447767647","0"
"584","1","3","mod/forum:viewanyrating","1","1447767647","0"
"585","1","1","mod/forum:viewanyrating","1","1447767647","0"
"586","1","4","mod/forum:viewallratings","1","1447767647","0"
"587","1","3","mod/forum:viewallratings","1","1447767647","0"
"588","1","1","mod/forum:viewallratings","1","1447767647","0"
"589","1","4","mod/forum:rate","1","1447767648","0"
"590","1","3","mod/forum:rate","1","1447767648","0"
"591","1","1","mod/forum:rate","1","1447767648","0"
"592","1","5","mod/forum:createattachment","1","1447767648","0"
"593","1","4","mod/forum:createattachment","1","1447767648","0"
"594","1","3","mod/forum:createattachment","1","1447767648","0"
"595","1","1","mod/forum:createattachment","1","1447767648","0"
"596","1","5","mod/forum:deleteownpost","1","1447767648","0"
"597","1","4","mod/forum:deleteownpost","1","1447767648","0"
"598","1","3","mod/forum:deleteownpost","1","1447767648","0"
"599","1","1","mod/forum:deleteownpost","1","1447767648","0"
"600","1","4","mod/forum:deleteanypost","1","1447767648","0"
"601","1","3","mod/forum:deleteanypost","1","1447767649","0"
"602","1","1","mod/forum:deleteanypost","1","1447767649","0"
"603","1","4","mod/forum:splitdiscussions","1","1447767649","0"
"604","1","3","mod/forum:splitdiscussions","1","1447767649","0"
"605","1","1","mod/forum:splitdiscussions","1","1447767649","0"
"606","1","4","mod/forum:movediscussions","1","1447767649","0"
"607","1","3","mod/forum:movediscussions","1","1447767649","0"
"608","1","1","mod/forum:movediscussions","1","1447767649","0"
"609","1","4","mod/forum:editanypost","1","1447767649","0"
"610","1","3","mod/forum:editanypost","1","1447767649","0"
"611","1","1","mod/forum:editanypost","1","1447767649","0"
"612","1","4","mod/forum:viewqandawithoutposting","1","1447767649","0"
"613","1","3","mod/forum:viewqandawithoutposting","1","1447767649","0"
"614","1","1","mod/forum:viewqandawithoutposting","1","1447767649","0"
"615","1","4","mod/forum:viewsubscribers","1","1447767650","0"
"616","1","3","mod/forum:viewsubscribers","1","1447767650","0"
"617","1","1","mod/forum:viewsubscribers","1","1447767650","0"
"618","1","4","mod/forum:managesubscriptions","1","1447767650","0"
"619","1","3","mod/forum:managesubscriptions","1","1447767650","0"
"620","1","1","mod/forum:managesubscriptions","1","1447767650","0"
"621","1","4","mod/forum:postwithoutthrottling","1","1447767650","0"
"622","1","3","mod/forum:postwithoutthrottling","1","1447767650","0"
"623","1","1","mod/forum:postwithoutthrottling","1","1447767650","0"
"624","1","4","mod/forum:exportdiscussion","1","1447767650","0"
"625","1","3","mod/forum:exportdiscussion","1","1447767650","0"
"626","1","1","mod/forum:exportdiscussion","1","1447767650","0"
"627","1","4","mod/forum:exportpost","1","1447767651","0"
"628","1","3","mod/forum:exportpost","1","1447767651","0"
"629","1","1","mod/forum:exportpost","1","1447767651","0"
"630","1","4","mod/forum:exportownpost","1","1447767651","0"
"631","1","3","mod/forum:exportownpost","1","1447767651","0"
"632","1","1","mod/forum:exportownpost","1","1447767651","0"
"633","1","5","mod/forum:exportownpost","1","1447767651","0"
"634","1","4","mod/forum:addquestion","1","1447767652","0"
"635","1","3","mod/forum:addquestion","1","1447767652","0"
"636","1","1","mod/forum:addquestion","1","1447767652","0"
"637","1","5","mod/forum:allowforcesubscribe","1","1447767652","0"
"638","1","4","mod/forum:allowforcesubscribe","1","1447767652","0"
"639","1","3","mod/forum:allowforcesubscribe","1","1447767652","0"
"640","1","8","mod/forum:allowforcesubscribe","1","1447767652","0"
"641","1","4","mod/forum:canposttomygroups","1","1447767652","0"
"642","1","3","mod/forum:canposttomygroups","1","1447767653","0"
"643","1","1","mod/forum:canposttomygroups","1","1447767653","0"
"644","1","3","mod/glossary:addinstance","1","1447767658","0"
"645","1","1","mod/glossary:addinstance","1","1447767659","0"
"646","1","8","mod/glossary:view","1","1447767659","0"
"647","1","6","mod/glossary:view","1","1447767659","0"
"648","1","5","mod/glossary:view","1","1447767659","0"
"649","1","4","mod/glossary:view","1","1447767659","0"
"650","1","3","mod/glossary:view","1","1447767659","0"
"651","1","1","mod/glossary:view","1","1447767659","0"
"652","1","5","mod/glossary:write","1","1447767659","0"
"653","1","4","mod/glossary:write","1","1447767659","0"
"654","1","3","mod/glossary:write","1","1447767659","0"
"655","1","1","mod/glossary:write","1","1447767659","0"
"656","1","4","mod/glossary:manageentries","1","1447767659","0"
"657","1","3","mod/glossary:manageentries","1","1447767659","0"
"658","1","1","mod/glossary:manageentries","1","1447767659","0"
"659","1","4","mod/glossary:managecategories","1","1447767659","0"
"660","1","3","mod/glossary:managecategories","1","1447767660","0"
"661","1","1","mod/glossary:managecategories","1","1447767660","0"
"662","1","5","mod/glossary:comment","1","1447767660","0"
"663","1","4","mod/glossary:comment","1","1447767660","0"
"664","1","3","mod/glossary:comment","1","1447767660","0"
"665","1","1","mod/glossary:comment","1","1447767660","0"
"666","1","4","mod/glossary:managecomments","1","1447767660","0"
"667","1","3","mod/glossary:managecomments","1","1447767660","0"
"668","1","1","mod/glossary:managecomments","1","1447767660","0"
"669","1","4","mod/glossary:import","1","1447767660","0"
"670","1","3","mod/glossary:import","1","1447767660","0"
"671","1","1","mod/glossary:import","1","1447767660","0"
"672","1","4","mod/glossary:export","1","1447767660","0"
"673","1","3","mod/glossary:export","1","1447767660","0"
"674","1","1","mod/glossary:export","1","1447767660","0"
"675","1","4","mod/glossary:approve","1","1447767661","0"
"676","1","3","mod/glossary:approve","1","1447767661","0"
"677","1","1","mod/glossary:approve","1","1447767661","0"
"678","1","4","mod/glossary:rate","1","1447767661","0"
"679","1","3","mod/glossary:rate","1","1447767661","0"
"680","1","1","mod/glossary:rate","1","1447767661","0"
"681","1","4","mod/glossary:viewrating","1","1447767661","0"
"682","1","3","mod/glossary:viewrating","1","1447767661","0"
"683","1","1","mod/glossary:viewrating","1","1447767661","0"
"684","1","4","mod/glossary:viewanyrating","1","1447767661","0"
"685","1","3","mod/glossary:viewanyrating","1","1447767661","0"
"686","1","1","mod/glossary:viewanyrating","1","1447767661","0"
"687","1","4","mod/glossary:viewallratings","1","1447767661","0"
"688","1","3","mod/glossary:viewallratings","1","1447767662","0"
"689","1","1","mod/glossary:viewallratings","1","1447767662","0"
"690","1","4","mod/glossary:exportentry","1","1447767662","0"
"691","1","3","mod/glossary:exportentry","1","1447767662","0"
"692","1","1","mod/glossary:exportentry","1","1447767662","0"
"693","1","4","mod/glossary:exportownentry","1","1447767662","0"
"694","1","3","mod/glossary:exportownentry","1","1447767662","0"
"695","1","1","mod/glossary:exportownentry","1","1447767662","0"
"696","1","5","mod/glossary:exportownentry","1","1447767662","0"
"697","1","6","mod/imscp:view","1","1447767674","0"
"698","1","7","mod/imscp:view","1","1447767674","0"
"699","1","3","mod/imscp:addinstance","1","1447767675","0"
"700","1","1","mod/imscp:addinstance","1","1447767675","0"
"701","1","3","mod/label:addinstance","1","1447767681","0"
"702","1","1","mod/label:addinstance","1","1447767682","0"
"703","1","3","mod/lesson:addinstance","1","1447767693","0"
"704","1","1","mod/lesson:addinstance","1","1447767694","0"
"705","1","3","mod/lesson:edit","1","1447767694","0"
"706","1","1","mod/lesson:edit","1","1447767694","0"
"707","1","4","mod/lesson:grade","1","1447767694","0"
"708","1","3","mod/lesson:grade","1","1447767694","0"
"709","1","1","mod/lesson:grade","1","1447767694","0"
"710","1","4","mod/lesson:viewreports","1","1447767694","0"
"711","1","3","mod/lesson:viewreports","1","1447767694","0"
"712","1","1","mod/lesson:viewreports","1","1447767694","0"
"713","1","4","mod/lesson:manage","1","1447767695","0"
"714","1","3","mod/lesson:manage","1","1447767695","0"
"715","1","1","mod/lesson:manage","1","1447767695","0"
"716","1","3","mod/lesson:manageoverrides","1","1447767695","0"
"717","1","1","mod/lesson:manageoverrides","1","1447767695","0"
"718","1","5","mod/lti:view","1","1447767703","0"
"719","1","4","mod/lti:view","1","1447767703","0"
"720","1","3","mod/lti:view","1","1447767703","0"
"721","1","1","mod/lti:view","1","1447767703","0"
"722","1","3","mod/lti:addinstance","1","1447767703","0"
"723","1","1","mod/lti:addinstance","1","1447767703","0"
"724","1","4","mod/lti:manage","1","1447767703","0"
"725","1","3","mod/lti:manage","1","1447767703","0"
"726","1","1","mod/lti:manage","1","1447767704","0"
"727","1","3","mod/lti:addcoursetool","1","1447767704","0"
"728","1","1","mod/lti:addcoursetool","1","1447767704","0"
"729","1","3","mod/lti:requesttooladd","1","1447767704","0"
"730","1","1","mod/lti:requesttooladd","1","1447767704","0"
"731","1","6","mod/page:view","1","1447767706","0"
"732","1","7","mod/page:view","1","1447767706","0"
"733","1","3","mod/page:addinstance","1","1447767706","0"
"734","1","1","mod/page:addinstance","1","1447767707","0"
"735","1","6","mod/quiz:view","1","1447767720","0"
"736","1","5","mod/quiz:view","1","1447767720","0"
"737","1","4","mod/quiz:view","1","1447767720","0"
"738","1","3","mod/quiz:view","1","1447767720","0"
"739","1","1","mod/quiz:view","1","1447767720","0"
"740","1","3","mod/quiz:addinstance","1","1447767721","0"
"741","1","1","mod/quiz:addinstance","1","1447767721","0"
"742","1","5","mod/quiz:attempt","1","1447767721","0"
"743","1","5","mod/quiz:reviewmyattempts","1","1447767721","0"
"744","1","3","mod/quiz:manage","1","1447767721","0"
"745","1","1","mod/quiz:manage","1","1447767722","0"
"746","1","3","mod/quiz:manageoverrides","1","1447767722","0"
"747","1","1","mod/quiz:manageoverrides","1","1447767722","0"
"748","1","4","mod/quiz:preview","1","1447767722","0"
"749","1","3","mod/quiz:preview","1","1447767722","0"
"750","1","1","mod/quiz:preview","1","1447767722","0"
"751","1","4","mod/quiz:grade","1","1447767722","0"
"752","1","3","mod/quiz:grade","1","1447767722","0"
"753","1","1","mod/quiz:grade","1","1447767722","0"
"754","1","4","mod/quiz:regrade","1","1447767723","0"
"755","1","3","mod/quiz:regrade","1","1447767723","0"
"756","1","1","mod/quiz:regrade","1","1447767723","0"
"757","1","4","mod/quiz:viewreports","1","1447767723","0"
"758","1","3","mod/quiz:viewreports","1","1447767723","0"
"759","1","1","mod/quiz:viewreports","1","1447767723","0"
"760","1","3","mod/quiz:deleteattempts","1","1447767723","0"
"761","1","1","mod/quiz:deleteattempts","1","1447767723","0"
"762","1","6","mod/resource:view","1","1447767726","0"
"763","1","7","mod/resource:view","1","1447767726","0"
"764","1","3","mod/resource:addinstance","1","1447767726","0"
"765","1","1","mod/resource:addinstance","1","1447767726","0"
"766","1","3","mod/scorm:addinstance","1","1447767737","0"
"767","1","1","mod/scorm:addinstance","1","1447767737","0"
"768","1","4","mod/scorm:viewreport","1","1447767738","0"
"769","1","3","mod/scorm:viewreport","1","1447767738","0"
"770","1","1","mod/scorm:viewreport","1","1447767738","0"
"771","1","5","mod/scorm:skipview","1","1447767738","0"
"772","1","5","mod/scorm:savetrack","1","1447767738","0"
"773","1","4","mod/scorm:savetrack","1","1447767738","0"
"774","1","3","mod/scorm:savetrack","1","1447767738","0"
"775","1","1","mod/scorm:savetrack","1","1447767738","0"
"776","1","5","mod/scorm:viewscores","1","1447767739","0"
"777","1","4","mod/scorm:viewscores","1","1447767739","0"
"778","1","3","mod/scorm:viewscores","1","1447767739","0"
"779","1","1","mod/scorm:viewscores","1","1447767739","0"
"780","1","4","mod/scorm:deleteresponses","1","1447767739","0"
"781","1","3","mod/scorm:deleteresponses","1","1447767739","0"
"782","1","1","mod/scorm:deleteresponses","1","1447767739","0"
"783","1","3","mod/survey:addinstance","1","1447767758","0"
"784","1","1","mod/survey:addinstance","1","1447767758","0"
"785","1","5","mod/survey:participate","1","1447767758","0"
"786","1","4","mod/survey:participate","1","1447767758","0"
"787","1","3","mod/survey:participate","1","1447767758","0"
"788","1","1","mod/survey:participate","1","1447767758","0"
"789","1","4","mod/survey:readresponses","1","1447767758","0"
"790","1","3","mod/survey:readresponses","1","1447767759","0"
"791","1","1","mod/survey:readresponses","1","1447767759","0"
"792","1","4","mod/survey:download","1","1447767759","0"
"793","1","3","mod/survey:download","1","1447767759","0"
"794","1","1","mod/survey:download","1","1447767759","0"
"795","1","6","mod/url:view","1","1447767762","0"
"796","1","7","mod/url:view","1","1447767762","0"
"797","1","3","mod/url:addinstance","1","1447767762","0"
"798","1","1","mod/url:addinstance","1","1447767762","0"
"799","1","3","mod/wiki:addinstance","1","1447767767","0"
"800","1","1","mod/wiki:addinstance","1","1447767767","0"
"801","1","6","mod/wiki:viewpage","1","1447767767","0"
"802","1","5","mod/wiki:viewpage","1","1447767767","0"
"803","1","4","mod/wiki:viewpage","1","1447767767","0"
"804","1","3","mod/wiki:viewpage","1","1447767767","0"
"805","1","1","mod/wiki:viewpage","1","1447767767","0"
"806","1","5","mod/wiki:editpage","1","1447767767","0"
"807","1","4","mod/wiki:editpage","1","1447767767","0"
"808","1","3","mod/wiki:editpage","1","1447767767","0"
"809","1","1","mod/wiki:editpage","1","1447767767","0"
"810","1","5","mod/wiki:createpage","1","1447767767","0"
"811","1","4","mod/wiki:createpage","1","1447767767","0"
"812","1","3","mod/wiki:createpage","1","1447767767","0"
"813","1","1","mod/wiki:createpage","1","1447767768","0"
"814","1","5","mod/wiki:viewcomment","1","1447767768","0"
"815","1","4","mod/wiki:viewcomment","1","1447767768","0"
"816","1","3","mod/wiki:viewcomment","1","1447767768","0"
"817","1","1","mod/wiki:viewcomment","1","1447767768","0"
"818","1","5","mod/wiki:editcomment","1","1447767768","0"
"819","1","4","mod/wiki:editcomment","1","1447767768","0"
"820","1","3","mod/wiki:editcomment","1","1447767768","0"
"821","1","1","mod/wiki:editcomment","1","1447767768","0"
"822","1","4","mod/wiki:managecomment","1","1447767768","0"
"823","1","3","mod/wiki:managecomment","1","1447767768","0"
"824","1","1","mod/wiki:managecomment","1","1447767768","0"
"825","1","4","mod/wiki:managefiles","1","1447767768","0"
"826","1","3","mod/wiki:managefiles","1","1447767769","0"
"827","1","1","mod/wiki:managefiles","1","1447767769","0"
"828","1","4","mod/wiki:overridelock","1","1447767769","0"
"829","1","3","mod/wiki:overridelock","1","1447767769","0"
"830","1","1","mod/wiki:overridelock","1","1447767769","0"
"831","1","4","mod/wiki:managewiki","1","1447767769","0"
"832","1","3","mod/wiki:managewiki","1","1447767769","0"
"833","1","1","mod/wiki:managewiki","1","1447767769","0"
"834","1","6","mod/workshop:view","1","1447767780","0"
"835","1","5","mod/workshop:view","1","1447767780","0"
"836","1","4","mod/workshop:view","1","1447767781","0"
"837","1","3","mod/workshop:view","1","1447767781","0"
"838","1","1","mod/workshop:view","1","1447767781","0"
"839","1","3","mod/workshop:addinstance","1","1447767781","0"
"840","1","1","mod/workshop:addinstance","1","1447767781","0"
"841","1","4","mod/workshop:switchphase","1","1447767781","0"
"842","1","3","mod/workshop:switchphase","1","1447767782","0"
"843","1","1","mod/workshop:switchphase","1","1447767782","0"
"844","1","3","mod/workshop:editdimensions","1","1447767782","0"
"845","1","1","mod/workshop:editdimensions","1","1447767782","0"
"846","1","5","mod/workshop:submit","1","1447767782","0"
"847","1","5","mod/workshop:peerassess","1","1447767783","0"
"848","1","4","mod/workshop:manageexamples","1","1447767783","0"
"849","1","3","mod/workshop:manageexamples","1","1447767783","0"
"850","1","1","mod/workshop:manageexamples","1","1447767783","0"
"851","1","4","mod/workshop:allocate","1","1447767783","0"
"852","1","3","mod/workshop:allocate","1","1447767783","0"
"853","1","1","mod/workshop:allocate","1","1447767783","0"
"854","1","4","mod/workshop:publishsubmissions","1","1447767783","0"
"855","1","3","mod/workshop:publishsubmissions","1","1447767783","0"
"856","1","1","mod/workshop:publishsubmissions","1","1447767783","0"
"857","1","5","mod/workshop:viewauthornames","1","1447767783","0"
"858","1","4","mod/workshop:viewauthornames","1","1447767784","0"
"859","1","3","mod/workshop:viewauthornames","1","1447767784","0"
"860","1","1","mod/workshop:viewauthornames","1","1447767784","0"
"861","1","4","mod/workshop:viewreviewernames","1","1447767784","0"
"862","1","3","mod/workshop:viewreviewernames","1","1447767784","0"
"863","1","1","mod/workshop:viewreviewernames","1","1447767784","0"
"864","1","4","mod/workshop:viewallsubmissions","1","1447767784","0"
"865","1","3","mod/workshop:viewallsubmissions","1","1447767784","0"
"866","1","1","mod/workshop:viewallsubmissions","1","1447767784","0"
"867","1","5","mod/workshop:viewpublishedsubmissions","1","1447767784","0"
"868","1","4","mod/workshop:viewpublishedsubmissions","1","1447767784","0"
"869","1","3","mod/workshop:viewpublishedsubmissions","1","1447767784","0"
"870","1","1","mod/workshop:viewpublishedsubmissions","1","1447767784","0"
"871","1","5","mod/workshop:viewauthorpublished","1","1447767784","0"
"872","1","4","mod/workshop:viewauthorpublished","1","1447767784","0"
"873","1","3","mod/workshop:viewauthorpublished","1","1447767785","0"
"874","1","1","mod/workshop:viewauthorpublished","1","1447767785","0"
"875","1","4","mod/workshop:viewallassessments","1","1447767785","0"
"876","1","3","mod/workshop:viewallassessments","1","1447767785","0"
"877","1","1","mod/workshop:viewallassessments","1","1447767785","0"
"878","1","4","mod/workshop:overridegrades","1","1447767785","0"
"879","1","3","mod/workshop:overridegrades","1","1447767785","0"
"880","1","1","mod/workshop:overridegrades","1","1447767785","0"
"881","1","4","mod/workshop:ignoredeadlines","1","1447767785","0"
"882","1","3","mod/workshop:ignoredeadlines","1","1447767785","0"
"883","1","1","mod/workshop:ignoredeadlines","1","1447767786","0"
"884","1","1","enrol/category:config","1","1447767803","0"
"885","1","3","enrol/category:config","1","1447767803","0"
"886","1","3","enrol/cohort:config","1","1447767804","0"
"887","1","1","enrol/cohort:config","1","1447767804","0"
"888","1","1","enrol/cohort:unenrol","1","1447767804","0"
"889","1","1","enrol/database:unenrol","1","1447767805","0"
"890","1","1","enrol/database:config","1","1447767805","0"
"891","1","3","enrol/database:config","1","1447767805","0"
"892","1","1","enrol/guest:config","1","1447767808","0"
"893","1","3","enrol/guest:config","1","1447767808","0"
"894","1","1","enrol/imsenterprise:config","1","1447767809","0"
"895","1","3","enrol/imsenterprise:config","1","1447767809","0"
"896","1","1","enrol/ldap:manage","1","1447767810","0"
"897","1","1","enrol/manual:config","1","1447767811","0"
"898","1","1","enrol/manual:enrol","1","1447767811","0"
"899","1","3","enrol/manual:enrol","1","1447767811","0"
"900","1","1","enrol/manual:manage","1","1447767811","0"
"901","1","3","enrol/manual:manage","1","1447767811","0"
"902","1","1","enrol/manual:unenrol","1","1447767811","0"
"903","1","3","enrol/manual:unenrol","1","1447767811","0"
"904","1","1","enrol/meta:config","1","1447767812","0"
"905","1","3","enrol/meta:config","1","1447767812","0"
"906","1","1","enrol/meta:selectaslinked","1","1447767812","0"
"907","1","1","enrol/meta:unenrol","1","1447767812","0"
"908","1","1","enrol/mnet:config","1","1447767813","0"
"909","1","3","enrol/mnet:config","1","1447767813","0"
"910","1","1","enrol/paypal:config","1","1447767816","0"
"911","1","1","enrol/paypal:manage","1","1447767816","0"
"912","1","3","enrol/paypal:manage","1","1447767816","0"
"913","1","1","enrol/paypal:unenrol","1","1447767816","0"
"914","1","3","enrol/self:config","1","1447767818","0"
"915","1","1","enrol/self:config","1","1447767818","0"
"916","1","3","enrol/self:manage","1","1447767819","0"
"917","1","1","enrol/self:manage","1","1447767819","0"
"919","1","5","enrol/self:unenrolself","1","1447767819","0"
"920","1","3","enrol/self:unenrol","1","1447767819","0"
"921","1","1","enrol/self:unenrol","1","1447767819","0"
"922","1","7","message/airnotifier:managedevice","1","1447767821","0"
"923","1","3","block/activity_modules:addinstance","1","1447767826","0"
"924","1","1","block/activity_modules:addinstance","1","1447767826","0"
"925","1","3","block/activity_results:addinstance","1","1447767827","0"
"926","1","1","block/activity_results:addinstance","1","1447767827","0"
"927","1","7","block/admin_bookmarks:myaddinstance","1","1447767828","0"
"928","1","3","block/admin_bookmarks:addinstance","1","1447767828","0"
"929","1","1","block/admin_bookmarks:addinstance","1","1447767828","0"
"930","1","3","block/badges:addinstance","1","1447767829","0"
"931","1","1","block/badges:addinstance","1","1447767829","0"
"932","1","7","block/badges:myaddinstance","1","1447767829","0"
"933","1","3","block/blog_menu:addinstance","1","1447767830","0"
"934","1","1","block/blog_menu:addinstance","1","1447767830","0"
"935","1","3","block/blog_recent:addinstance","1","1447767831","0"
"936","1","1","block/blog_recent:addinstance","1","1447767831","0"
"937","1","3","block/blog_tags:addinstance","1","1447767832","0"
"938","1","1","block/blog_tags:addinstance","1","1447767832","0"
"939","1","7","block/calendar_month:myaddinstance","1","1447767832","0"
"940","1","3","block/calendar_month:addinstance","1","1447767833","0"
"941","1","1","block/calendar_month:addinstance","1","1447767833","0"
"942","1","7","block/calendar_upcoming:myaddinstance","1","1447767833","0"
"943","1","3","block/calendar_upcoming:addinstance","1","1447767833","0"
"944","1","1","block/calendar_upcoming:addinstance","1","1447767833","0"
"945","1","7","block/comments:myaddinstance","1","1447767834","0"
"946","1","3","block/comments:addinstance","1","1447767834","0"
"947","1","1","block/comments:addinstance","1","1447767834","0"
"948","1","7","block/community:myaddinstance","1","1447767835","0"
"949","1","3","block/community:addinstance","1","1447767835","0"
"950","1","1","block/community:addinstance","1","1447767835","0"
"951","1","3","block/completionstatus:addinstance","1","1447767836","0"
"952","1","1","block/completionstatus:addinstance","1","1447767836","0"
"953","1","7","block/course_list:myaddinstance","1","1447767836","0"
"954","1","3","block/course_list:addinstance","1","1447767836","0"
"955","1","1","block/course_list:addinstance","1","1447767836","0"
"959","1","3","block/course_summary:addinstance","1","1447767838","0"
"960","1","1","block/course_summary:addinstance","1","1447767838","0"
"961","1","3","block/feedback:addinstance","1","1447767839","0"
"962","1","1","block/feedback:addinstance","1","1447767839","0"
"963","1","7","block/glossary_random:myaddinstance","1","1447767839","0"
"964","1","3","block/glossary_random:addinstance","1","1447767839","0"
"965","1","1","block/glossary_random:addinstance","1","1447767839","0"
"966","1","7","block/html:myaddinstance","1","1447767840","0"
"967","1","3","block/html:addinstance","1","1447767840","0"
"968","1","1","block/html:addinstance","1","1447767840","0"
"969","1","3","block/login:addinstance","1","1447767841","0"
"970","1","1","block/login:addinstance","1","1447767841","0"
"971","1","7","block/mentees:myaddinstance","1","1447767841","0"
"972","1","3","block/mentees:addinstance","1","1447767842","0"
"973","1","1","block/mentees:addinstance","1","1447767842","0"
"974","1","7","block/messages:myaddinstance","1","1447767843","0"
"975","1","3","block/messages:addinstance","1","1447767843","0"
"976","1","1","block/messages:addinstance","1","1447767843","0"
"977","1","7","block/mnet_hosts:myaddinstance","1","1447767843","0"
"978","1","3","block/mnet_hosts:addinstance","1","1447767844","0"
"979","1","1","block/mnet_hosts:addinstance","1","1447767844","0"
"980","1","7","block/myprofile:myaddinstance","1","1447767844","0"
"981","1","3","block/myprofile:addinstance","1","1447767844","0"
"982","1","1","block/myprofile:addinstance","1","1447767844","0"
"983","1","7","block/navigation:myaddinstance","1","1447767845","0"
"984","1","3","block/navigation:addinstance","1","1447767845","0"
"985","1","1","block/navigation:addinstance","1","1447767845","0"
"986","1","7","block/news_items:myaddinstance","1","1447767846","0"
"987","1","3","block/news_items:addinstance","1","1447767847","0"
"988","1","1","block/news_items:addinstance","1","1447767847","0"
"989","1","7","block/online_users:myaddinstance","1","1447767847","0"
"990","1","3","block/online_users:addinstance","1","1447767848","0"
"991","1","1","block/online_users:addinstance","1","1447767848","0"
"992","1","7","block/online_users:viewlist","1","1447767848","0"
"993","1","6","block/online_users:viewlist","1","1447767848","0"
"995","1","4","block/online_users:viewlist","1","1447767848","0"
"996","1","3","block/online_users:viewlist","1","1447767848","0"
"997","1","1","block/online_users:viewlist","1","1447767849","0"
"998","1","3","block/participants:addinstance","1","1447767849","0"
"999","1","1","block/participants:addinstance","1","1447767850","0"
"1000","1","7","block/private_files:myaddinstance","1","1447767850","0"
"1001","1","3","block/private_files:addinstance","1","1447767850","0"
"1002","1","1","block/private_files:addinstance","1","1447767851","0"
"1003","1","3","block/quiz_results:addinstance","1","1447767852","0"
"1004","1","1","block/quiz_results:addinstance","1","1447767852","0"
"1005","1","3","block/recent_activity:addinstance","1","1447767853","0"
"1006","1","1","block/recent_activity:addinstance","1","1447767853","0"
"1007","1","7","block/recent_activity:viewaddupdatemodule","1","1447767853","0"
"1008","1","7","block/recent_activity:viewdeletemodule","1","1447767853","0"
"1009","1","7","block/rss_client:myaddinstance","1","1447767854","0"
"1010","1","3","block/rss_client:addinstance","1","1447767854","0"
"1011","1","1","block/rss_client:addinstance","1","1447767854","0"
"1012","1","4","block/rss_client:manageownfeeds","1","1447767854","0"
"1013","1","3","block/rss_client:manageownfeeds","1","1447767854","0"
"1014","1","1","block/rss_client:manageownfeeds","1","1447767854","0"
"1015","1","1","block/rss_client:manageanyfeeds","1","1447767854","0"
"1016","1","3","block/search_forums:addinstance","1","1447767855","0"
"1017","1","1","block/search_forums:addinstance","1","1447767855","0"
"1018","1","3","block/section_links:addinstance","1","1447767856","0"
"1019","1","1","block/section_links:addinstance","1","1447767856","0"
"1020","1","3","block/selfcompletion:addinstance","1","1447767856","0"
"1021","1","1","block/selfcompletion:addinstance","1","1447767856","0"
"1022","1","7","block/settings:myaddinstance","1","1447767857","0"
"1023","1","3","block/settings:addinstance","1","1447767857","0"
"1024","1","1","block/settings:addinstance","1","1447767857","0"
"1025","1","3","block/site_main_menu:addinstance","1","1447767858","0"
"1026","1","1","block/site_main_menu:addinstance","1","1447767858","0"
"1027","1","3","block/social_activities:addinstance","1","1447767858","0"
"1028","1","1","block/social_activities:addinstance","1","1447767858","0"
"1029","1","3","block/tag_flickr:addinstance","1","1447767859","0"
"1030","1","1","block/tag_flickr:addinstance","1","1447767859","0"
"1031","1","3","block/tag_youtube:addinstance","1","1447767860","0"
"1032","1","1","block/tag_youtube:addinstance","1","1447767860","0"
"1033","1","7","block/tags:myaddinstance","1","1447767860","0"
"1034","1","3","block/tags:addinstance","1","1447767860","0"
"1035","1","1","block/tags:addinstance","1","1447767860","0"
"1036","1","4","report/completion:view","1","1447767879","0"
"1037","1","3","report/completion:view","1","1447767879","0"
"1038","1","1","report/completion:view","1","1447767879","0"
"1039","1","4","report/courseoverview:view","1","1447767880","0"
"1040","1","3","report/courseoverview:view","1","1447767880","0"
"1041","1","1","report/courseoverview:view","1","1447767880","0"
"1042","1","4","report/log:view","1","1447767881","0"
"1043","1","3","report/log:view","1","1447767881","0"
"1044","1","1","report/log:view","1","1447767881","0"
"1045","1","4","report/log:viewtoday","1","1447767881","0"
"1046","1","3","report/log:viewtoday","1","1447767881","0"
"1047","1","1","report/log:viewtoday","1","1447767881","0"
"1048","1","4","report/loglive:view","1","1447767882","0"
"1049","1","3","report/loglive:view","1","1447767882","0"
"1050","1","1","report/loglive:view","1","1447767882","0"
"1051","1","4","report/outline:view","1","1447767883","0"
"1052","1","3","report/outline:view","1","1447767883","0"
"1053","1","1","report/outline:view","1","1447767883","0"
"1054","1","4","report/participation:view","1","1447767883","0"
"1055","1","3","report/participation:view","1","1447767883","0"
"1056","1","1","report/participation:view","1","1447767883","0"
"1057","1","1","report/performance:view","1","1447767884","0"
"1058","1","4","report/progress:view","1","1447767885","0"
"1059","1","3","report/progress:view","1","1447767885","0"
"1060","1","1","report/progress:view","1","1447767885","0"
"1061","1","1","report/security:view","1","1447767886","0"
"1062","1","4","report/stats:view","1","1447767886","0"
"1063","1","3","report/stats:view","1","1447767887","0"
"1064","1","1","report/stats:view","1","1447767887","0"
"1065","1","6","report/usersessions:manageownsessions","-1000","1447767887","0"
"1066","1","7","report/usersessions:manageownsessions","1","1447767887","0"
"1067","1","1","report/usersessions:manageownsessions","1","1447767887","0"
"1068","1","4","gradeexport/ods:view","1","1447767888","0"
"1069","1","3","gradeexport/ods:view","1","1447767888","0"
"1070","1","1","gradeexport/ods:view","1","1447767888","0"
"1071","1","1","gradeexport/ods:publish","1","1447767888","0"
"1072","1","4","gradeexport/txt:view","1","1447767888","0"
"1073","1","3","gradeexport/txt:view","1","1447767888","0"
"1074","1","1","gradeexport/txt:view","1","1447767888","0"
"1075","1","1","gradeexport/txt:publish","1","1447767889","0"
"1076","1","4","gradeexport/xls:view","1","1447767889","0"
"1077","1","3","gradeexport/xls:view","1","1447767889","0"
"1078","1","1","gradeexport/xls:view","1","1447767889","0"
"1079","1","1","gradeexport/xls:publish","1","1447767889","0"
"1080","1","4","gradeexport/xml:view","1","1447767889","0"
"1081","1","3","gradeexport/xml:view","1","1447767890","0"
"1082","1","1","gradeexport/xml:view","1","1447767890","0"
"1083","1","1","gradeexport/xml:publish","1","1447767890","0"
"1084","1","3","gradeimport/csv:view","1","1447767890","0"
"1085","1","1","gradeimport/csv:view","1","1447767891","0"
"1086","1","3","gradeimport/direct:view","1","1447767891","0"
"1087","1","1","gradeimport/direct:view","1","1447767891","0"
"1088","1","3","gradeimport/xml:view","1","1447767892","0"
"1089","1","1","gradeimport/xml:view","1","1447767892","0"
"1090","1","1","gradeimport/xml:publish","1","1447767892","0"
"1091","1","4","gradereport/grader:view","1","1447767892","0"
"1092","1","3","gradereport/grader:view","1","1447767893","0"
"1093","1","1","gradereport/grader:view","1","1447767893","0"
"1094","1","4","gradereport/history:view","1","1447767894","0"
"1095","1","3","gradereport/history:view","1","1447767894","0"
"1096","1","1","gradereport/history:view","1","1447767894","0"
"1097","1","4","gradereport/outcomes:view","1","1447767895","0"
"1098","1","3","gradereport/outcomes:view","1","1447767895","0"
"1099","1","1","gradereport/outcomes:view","1","1447767895","0"
"1100","1","5","gradereport/overview:view","1","1447767895","0"
"1101","1","1","gradereport/overview:view","1","1447767895","0"
"1102","1","3","gradereport/singleview:view","1","1447767896","0"
"1103","1","1","gradereport/singleview:view","1","1447767896","0"
"1104","1","5","gradereport/user:view","1","1447767897","0"
"1105","1","4","gradereport/user:view","1","1447767897","0"
"1106","1","3","gradereport/user:view","1","1447767897","0"
"1107","1","1","gradereport/user:view","1","1447767897","0"
"1109","1","7","repository/areafiles:view","1","1447767905","0"
"1110","1","7","repository/boxnet:view","1","1447767906","0"
"1111","1","2","repository/coursefiles:view","1","1447767906","0"
"1112","1","4","repository/coursefiles:view","1","1447767906","0"
"1113","1","3","repository/coursefiles:view","1","1447767906","0"
"1114","1","1","repository/coursefiles:view","1","1447767906","0"
"1115","1","7","repository/dropbox:view","1","1447767907","0"
"1116","1","7","repository/equella:view","1","1447767908","0"
"1117","1","2","repository/filesystem:view","1","1447767909","0"
"1118","1","4","repository/filesystem:view","1","1447767909","0"
"1119","1","3","repository/filesystem:view","1","1447767909","0"
"1120","1","1","repository/filesystem:view","1","1447767909","0"
"1121","1","7","repository/flickr:view","1","1447767909","0"
"1122","1","7","repository/flickr_public:view","1","1447767910","0"
"1123","1","7","repository/googledocs:view","1","1447767910","0"
"1124","1","2","repository/local:view","1","1447767911","0"
"1125","1","4","repository/local:view","1","1447767911","0"
"1126","1","3","repository/local:view","1","1447767912","0"
"1127","1","1","repository/local:view","1","1447767912","0"
"1128","1","7","repository/merlot:view","1","1447767912","0"
"1129","1","7","repository/picasa:view","1","1447767913","0"
"1130","1","7","repository/recent:view","1","1447767914","0"
"1131","1","7","repository/s3:view","1","1447767914","0"
"1132","1","7","repository/skydrive:view","1","1447767915","0"
"1133","1","7","repository/upload:view","1","1447767916","0"
"1134","1","7","repository/url:view","1","1447767917","0"
"1135","1","7","repository/user:view","1","1447767918","0"
"1136","1","2","repository/webdav:view","1","1447767918","0"
"1137","1","4","repository/webdav:view","1","1447767918","0"
"1138","1","3","repository/webdav:view","1","1447767918","0"
"1139","1","1","repository/webdav:view","1","1447767918","0"
"1140","1","7","repository/wikimedia:view","1","1447767919","0"
"1141","1","7","repository/youtube:view","1","1447767920","0"
"1142","1","1","tool/customlang:view","1","1447767934","0"
"1143","1","1","tool/customlang:edit","1","1447767934","0"
"1144","1","4","tool/monitor:subscribe","1","1447767942","0"
"1145","1","3","tool/monitor:subscribe","1","1447767942","0"
"1146","1","1","tool/monitor:subscribe","1","1447767942","0"
"1147","1","4","tool/monitor:managerules","1","1447767942","0"
"1148","1","3","tool/monitor:managerules","1","1447767942","0"
"1149","1","1","tool/monitor:managerules","1","1447767942","0"
"1150","1","1","tool/monitor:managetool","1","1447767942","0"
"1151","1","1","tool/uploaduser:uploaduserpictures","1","1447767947","0"
"1152","1","3","booktool/importhtml:import","1","1447767965","0"
"1153","1","1","booktool/importhtml:import","1","1447767965","0"
"1154","1","6","booktool/print:print","1","1447767965","0"
"1155","1","8","booktool/print:print","1","1447767965","0"
"1156","1","5","booktool/print:print","1","1447767965","0"
"1157","1","4","booktool/print:print","1","1447767965","0"
"1158","1","3","booktool/print:print","1","1447767966","0"
"1159","1","1","booktool/print:print","1","1447767966","0"
"1160","1","4","quiz/grading:viewstudentnames","1","1447767973","0"
"1161","1","3","quiz/grading:viewstudentnames","1","1447767973","0"
"1162","1","1","quiz/grading:viewstudentnames","1","1447767973","0"
"1163","1","4","quiz/grading:viewidnumber","1","1447767973","0"
"1164","1","3","quiz/grading:viewidnumber","1","1447767973","0"
"1165","1","1","quiz/grading:viewidnumber","1","1447767973","0"
"1166","1","4","quiz/statistics:view","1","1447767976","0"
"1167","1","3","quiz/statistics:view","1","1447767976","0"
"1168","1","1","quiz/statistics:view","1","1447767976","0"
"1169","1","7","moodle/site:mnetlogintoremote","1","1447838101","2"
"1170","1","5","moodle/site:mnetlogintoremote","1","1447838153","2"
"1171","1","8","moodle/portfolio:export","1","1447839530","2"
"1172","1","8","moodle/site:mnetlogintoremote","1","1447839530","2"
"1201","1","3","mod/certificate:addinstance","1","1448981521","2"
"1202","1","1","mod/certificate:addinstance","1","1448981521","2"
"1203","1","5","mod/certificate:view","1","1448981521","2"
"1204","1","4","mod/certificate:view","1","1448981521","2"
"1205","1","3","mod/certificate:view","1","1448981521","2"
"1206","1","1","mod/certificate:view","1","1448981521","2"
"1207","1","4","mod/certificate:manage","1","1448981522","2"
"1208","1","3","mod/certificate:manage","1","1448981522","2"
"1209","1","1","mod/certificate:manage","1","1448981522","2"
"1210","1","4","mod/certificate:printteacher","1","1448981522","2"
"1211","1","3","mod/certificate:printteacher","1","1448981522","2"
"1212","1","1","mod/certificate:printteacher","1","1448981522","2"
"1214","1","5","enrol/manual:unenrolself","1","1487347189","2"
"1215","1","5","enrol/paypal:unenrolself","1","1487347189","2"
"1216","1","3","moodle/course:publish","1","1487347227","2"
"1217","1","5","enrol/self:config","1","1487350026","2"
"1218","1","5","enrol/self:holdkey","1","1487350805","2"
"1219","1","3","moodle/course:create","1","1487351244","2"
"1220","1","5","enrol/category:config","1","1487351567","2"
"1221","1","5","enrol/cohort:config","1","1487351567","2"
"1222","1","5","moodle/course:enrolreview","1","1487351567","2"
"1224","1","6","booktool/exportepub:export","1","1490878922","2"
"1225","1","5","booktool/exportepub:export","1","1490878922","2"
"1226","1","4","booktool/exportepub:export","1","1490878922","2"
"1227","1","3","booktool/exportepub:export","1","1490878922","2"
"1228","1","1","booktool/exportepub:export","1","1490878922","2"
"1229","1","2","booktool/exportepub:export","1","1490878922","2"
"1230","1","3","booktool/importepub:import","1","1490878922","2"
"1231","1","1","booktool/importepub:import","1","1490878922","2"
"1232","1","2","booktool/importepub:import","1","1490878922","2"
"1233","1","1","moodle/site:configview","1","1507818750","0"
"1234","1","2","moodle/site:configview","1","1507818750","0"
"1235","1","1","moodle/site:manageallmessaging","1","1507818750","0"
"1236","1","2","moodle/site:manageallmessaging","1","1507818750","0"
"1237","1","1","moodle/site:deleteanymessage","1","1507818750","0"
"1238","1","2","moodle/site:deleteanymessage","1","1507818750","0"
"1239","1","7","moodle/site:deleteownmessage","1","1507818750","0"
"1240","1","4","moodle/course:ignoreavailabilityrestrictions","1","1507818750","0"
"1241","1","3","moodle/course:ignoreavailabilityrestrictions","1","1507818750","0"
"1242","1","1","moodle/course:ignoreavailabilityrestrictions","1","1507818750","0"
"1243","1","3","moodle/course:renameroles","1","1507818750","0"
"1244","1","1","moodle/course:renameroles","1","1507818750","0"
"1245","1","3","moodle/course:tag","1","1507818750","0"
"1246","1","1","moodle/course:tag","1","1507818750","0"
"1247","1","1","moodle/badges:revokebadge","1","1507818750","0"
"1248","1","2","moodle/badges:revokebadge","1","1507818750","0"
"1249","1","4","moodle/badges:revokebadge","1","1507818750","0"
"1250","1","3","moodle/badges:revokebadge","1","1507818750","0"
"1251","1","6","moodle/search:query","1","1507818750","0"
"1252","1","7","moodle/search:query","1","1507818750","0"
"1253","1","5","moodle/search:query","1","1507818750","0"
"1254","1","4","moodle/search:query","1","1507818750","0"
"1255","1","3","moodle/search:query","1","1507818751","0"
"1256","1","1","moodle/search:query","1","1507818751","0"
"1257","1","2","moodle/search:query","1","1507818751","0"
"1258","1","1","moodle/competency:competencymanage","1","1507818751","0"
"1259","1","2","moodle/competency:competencymanage","1","1507818751","0"
"1260","1","7","moodle/competency:competencyview","1","1507818751","0"
"1261","1","3","moodle/competency:competencygrade","1","1507818751","0"
"1262","1","4","moodle/competency:competencygrade","1","1507818751","0"
"1263","1","1","moodle/competency:competencygrade","1","1507818751","0"
"1264","1","2","moodle/competency:competencygrade","1","1507818751","0"
"1265","1","3","moodle/competency:coursecompetencymanage","1","1507818751","0"
"1266","1","1","moodle/competency:coursecompetencymanage","1","1507818751","0"
"1267","1","2","moodle/competency:coursecompetencymanage","1","1507818751","0"
"1268","1","1","moodle/competency:coursecompetencyconfigure","1","1507818751","0"
"1269","1","2","moodle/competency:coursecompetencyconfigure","1","1507818751","0"
"1270","1","5","moodle/competency:coursecompetencygradable","1","1507818751","0"
"1271","1","7","moodle/competency:coursecompetencyview","1","1507818751","0"
"1272","1","1","moodle/competency:planmanage","1","1507818751","0"
"1273","1","2","moodle/competency:planmanage","1","1507818751","0"
"1274","1","1","moodle/competency:planmanagedraft","1","1507818751","0"
"1275","1","2","moodle/competency:planmanagedraft","1","1507818751","0"
"1276","1","1","moodle/competency:planview","1","1507818751","0"
"1277","1","2","moodle/competency:planview","1","1507818751","0"
"1278","1","1","moodle/competency:planviewdraft","1","1507818752","0"
"1279","1","2","moodle/competency:planviewdraft","1","1507818752","0"
"1280","1","7","moodle/competency:planviewown","1","1507818752","0"
"1281","1","1","moodle/competency:planrequestreview","1","1507818752","0"
"1282","1","2","moodle/competency:planrequestreview","1","1507818752","0"
"1283","1","7","moodle/competency:planrequestreviewown","1","1507818752","0"
"1284","1","1","moodle/competency:planreview","1","1507818752","0"
"1285","1","2","moodle/competency:planreview","1","1507818752","0"
"1286","1","1","moodle/competency:plancomment","1","1507818752","0"
"1287","1","2","moodle/competency:plancomment","1","1507818752","0"
"1288","1","7","moodle/competency:plancommentown","1","1507818752","0"
"1289","1","1","moodle/competency:usercompetencyview","1","1507818752","0"
"1290","1","2","moodle/competency:usercompetencyview","1","1507818752","0"
"1291","1","3","moodle/competency:usercompetencyview","1","1507818752","0"
"1292","1","4","moodle/competency:usercompetencyview","1","1507818752","0"
"1293","1","1","moodle/competency:usercompetencyrequestreview","1","1507818753","0"
"1294","1","2","moodle/competency:usercompetencyrequestreview","1","1507818753","0"
"1295","1","7","moodle/competency:usercompetencyrequestreviewown","1","1507818753","0"
"1296","1","1","moodle/competency:usercompetencyreview","1","1507818754","0"
"1297","1","2","moodle/competency:usercompetencyreview","1","1507818754","0"
"1298","1","1","moodle/competency:usercompetencycomment","1","1507818755","0"
"1299","1","2","moodle/competency:usercompetencycomment","1","1507818755","0"
"1300","1","7","moodle/competency:usercompetencycommentown","1","1507818755","0"
"1301","1","1","moodle/competency:templatemanage","1","1507818756","0"
"1302","1","2","moodle/competency:templatemanage","1","1507818756","0"
"1303","1","1","moodle/competency:templateview","1","1507818756","0"
"1304","1","2","moodle/competency:templateview","1","1507818756","0"
"1305","1","1","moodle/competency:userevidencemanage","1","1507818757","0"
"1306","1","2","moodle/competency:userevidencemanage","1","1507818757","0"
"1307","1","7","moodle/competency:userevidencemanageown","1","1507818758","0"
"1308","1","1","moodle/competency:userevidenceview","1","1507818758","0"
"1309","1","2","moodle/competency:userevidenceview","1","1507818759","0"
"1310","1","3","mod/assign:manageoverrides","1","1507818785","0"
"1311","1","1","mod/assign:manageoverrides","1","1507818785","0"
"1312","1","2","mod/assign:manageoverrides","1","1507818785","0"
"1313","1","7","mod/chat:view","1","1507818787","0"
"1314","1","6","mod/chat:view","1","1507818787","0"
"1315","1","7","mod/choice:view","1","1507818788","0"
"1316","1","6","mod/choice:view","1","1507818788","0"
"1317","1","6","mod/data:view","1","1507818789","0"
"1318","1","5","mod/data:view","1","1507818789","0"
"1319","1","4","mod/data:view","1","1507818789","0"
"1320","1","3","mod/data:view","1","1507818789","0"
"1321","1","1","mod/data:view","1","1507818789","0"
"1322","1","2","mod/data:view","1","1507818789","0"
"1323","1","4","mod/forum:pindiscussions","1","1507818794","0"
"1324","1","3","mod/forum:pindiscussions","1","1507818794","0"
"1325","1","1","mod/forum:pindiscussions","1","1507818794","0"
"1326","1","2","mod/forum:pindiscussions","1","1507818794","0"
"1327","1","4","mod/forum:canoverridediscussionlock","1","1507818794","0"
"1328","1","3","mod/forum:canoverridediscussionlock","1","1507818794","0"
"1329","1","1","mod/forum:canoverridediscussionlock","1","1507818794","0"
"1330","1","2","mod/forum:canoverridediscussionlock","1","1507818794","0"
"1331","1","7","mod/label:view","1","1507818797","0"
"1332","1","6","mod/label:view","1","1507818797","0"
"1333","1","7","mod/lesson:view","1","1507818799","0"
"1334","1","6","mod/lesson:view","1","1507818799","0"
"1335","1","4","mod/workshop:deletesubmissions","1","1507818807","0"
"1336","1","3","mod/workshop:deletesubmissions","1","1507818807","0"
"1337","1","1","mod/workshop:deletesubmissions","1","1507818807","0"
"1338","1","2","mod/workshop:deletesubmissions","1","1507818807","0"
"1339","1","1","mod/workshop:exportsubmissions","1","1507818808","0"
"1340","1","2","mod/workshop:exportsubmissions","1","1507818808","0"
"1341","1","4","mod/workshop:exportsubmissions","1","1507818808","0"
"1342","1","3","mod/workshop:exportsubmissions","1","1507818808","0"
"1343","1","5","mod/workshop:exportsubmissions","1","1507818808","0"
"1344","1","7","auth/oauth2:managelinkedlogins","1","1507818859","0"
"1345","1","1","enrol/lti:config","1","1507818874","0"
"1346","1","2","enrol/lti:config","1","1507818874","0"
"1347","1","3","enrol/lti:config","1","1507818874","0"
"1348","1","1","enrol/lti:unenrol","1","1507818874","0"
"1349","1","2","enrol/lti:unenrol","1","1507818874","0"
"1350","1","3","enrol/lti:unenrol","1","1507818874","0"
"1351","1","7","block/globalsearch:myaddinstance","1","1507818896","0"
"1352","1","3","block/globalsearch:addinstance","1","1507818896","0"
"1353","1","1","block/globalsearch:addinstance","1","1507818896","0"
"1354","1","3","block/lp:addinstance","1","1507818897","0"
"1355","1","1","block/lp:addinstance","1","1507818897","0"
"1356","1","7","block/lp:myaddinstance","1","1507818897","0"
"1357","1","7","block/lp:view","1","1507818897","0"
"1358","1","7","block/myoverview:myaddinstance","1","1507818898","0"
"1359","1","3","block/myoverview:addinstance","1","1507818898","0"
"1360","1","1","block/myoverview:addinstance","1","1507818898","0"
"1361","1","7","gradereport/overview:view","1","1507818920","0"
"1362","1","7","repository/onedrive:view","1","1507818927","0"
"1363","1","1","tool/lpmigrate:frameworksmigrate","1","1507818955","0"
"1364","1","2","tool/lpmigrate:frameworksmigrate","1","1507818955","0"
"1365","1","3","tool/recyclebin:deleteitems","1","1507818958","0"
"1366","1","1","tool/recyclebin:deleteitems","1","1507818958","0"
"1367","1","2","tool/recyclebin:deleteitems","1","1507818958","0"
"1368","1","3","tool/recyclebin:restoreitems","1","1507818958","0"
"1369","1","1","tool/recyclebin:restoreitems","1","1507818958","0"
"1370","1","2","tool/recyclebin:restoreitems","1","1507818958","0"
"1371","1","4","tool/recyclebin:viewitems","1","1507818958","0"
"1372","1","3","tool/recyclebin:viewitems","1","1507818958","0"
"1373","1","1","tool/recyclebin:viewitems","1","1507818958","0"
"1374","1","2","tool/recyclebin:viewitems","1","1507818958","0"
"1375","1","1","tool/usertours:managetours","1","1507818964","0"
"1376","1","2","tool/usertours:managetours","1","1507818964","0"
"1377","1","7","enrol/mnet:config","1","1516138757","2"
"1378","1","1","block/mnet_hosts:myaddinstance","1","1516138804","2"
"1379","1584","5","enrol/self:holdkey","-1","1526146686","2"
"1380","1584","4","enrol/self:holdkey","1","1526146735","2"
"1381","1584","2","enrol/self:holdkey","1","1526146738","2"
"1382","1584","3","enrol/self:holdkey","1","1526146739","2"
"1383","1","3","block/rate_course:addinstance","1","1556802925","2"
"1384","1","1","block/rate_course:addinstance","1","1556802925","2"
"1385","1","7","block/rate_course:myaddinstance","1","1556802925","2"
"1386","1","5","block/rate_course:rate","1","1556802925","2"
"1387","1","4","block/rate_course:rate","1","1556802925","2"
"1388","1","3","block/rate_course:rate","1","1556802925","2"
"1389","1","1","block/rate_course:rate","1","1556802925","2"
"1390","1","2","block/rate_course:rate","1","1556802925","2"
